Player;Pos;Comp;Shots;PasTotPrgDist;Assists;SCA;Tkl+Int;ToAtt
brenden aaronson;MFFW;Premier League;1.53;85.7;0.11;3.62;1.69;3.73
yunis abdelhamid;DF;Ligue 1;0.86;318.5;0.05;1.14;4.5;0.68
himad abdelli;MFFW;Ligue 1;1.05;188.1;0.0;2.67;3.84;3.84
salis abdul samed;MF;Ligue 1;0.6;226.9;0.0;1.6;2.6;1.25
laurent abergel;MF;Ligue 1;0.31;224.7;0.08;1.24;4.96;0.93
zakaria aboukhlal;FWMF;Ligue 1;2.75;49.6;0.24;2.34;1.98;3.17
tammy abraham;FW;Serie A;2.67;49.3;0.17;3.07;0.91;3.01
francesco acerbi;DF;Serie A;0.49;312.0;0.08;0.98;2.28;0.16
marcos acuna;DF;La Liga;1.47;327.3;0.09;3.03;4.77;2.11
che adams;FW;Premier League;2.06;48.1;0.11;2.63;1.09;1.43
tyler adams;MF;Premier League;0.11;220.9;0.0;1.84;5.53;0.89
tosin adarabioyo;DF;Premier League;0.33;296.6;0.0;0.41;2.13;0.25
karim adeyemi;FWMF;Bundesliga;2.24;86.6;0.12;3.65;1.88;5.41
amine adli;FW;Bundesliga;1.94;81.1;0.28;2.64;1.94;2.64
michel aebischer;FWMF;Serie A;1.16;150.0;0.0;2.21;0.81;0.47
emmanuel agbadou;DF;Ligue 1;0.79;316.7;0.11;1.18;3.76;0.39
alvaro aguado;MF;La Liga;0.71;248.3;0.16;3.17;1.59;1.03
kevin agudelo;MFFW;Serie A;1.13;103.3;0.0;1.88;3.38;3.38
nayef aguerd;DF;Premier League;0.88;283.3;0.0;0.18;3.33;0.18
ruben aguilar;DF;Ligue 1;0.29;310.6;0.0;1.18;3.82;0.74
naouirou ahamada;MFFW;Premier League;1.07;107.84;0.13;2.48;1.59;2.74
jean-eudes aholou;MF;Ligue 1;0.97;107.3;0.0;1.4;3.87;2.69
joseph aidoo;DF;La Liga;0.45;275.7;0.0;0.3;2.5;0.25
ola aina;DF;Serie A;0.93;278.8;0.13;2.93;2.8;4.53
rayan ait nouri;DF;Premier League;0.99;210.2;0.0;2.18;3.37;3.86
emanuel aiwum;DF;Serie A;0.26;231.3;0.0;0.88;5.44;0.53
kristoffer ajer;DF;Premier League;0.12;222.0;0.0;0.47;2.12;0.82
ludovic ajorque;FW;Ligue 1;2.59;51.87;0.09;2.68;0.62;0.54
manuel akanji;DF;Premier League;0.77;411.2;0.07;1.26;2.31;0.28
nathan ake;DF;Premier League;0.31;497.4;0.0;1.17;2.27;0.23
sergio akieme;DF;La Liga;1.05;207.1;0.0;1.57;1.9;2.14
jean-daniel akpa-akpro;MF;Serie A;1.04;133.4;0.0;1.64;4.03;2.24
kevin akpoguma;DF;Bundesliga;0.53;268.2;0.0;0.7;4.3;1.32
david alaba;DF;La Liga;0.59;263.6;0.2;1.58;1.38;0.13
jordi alba;DF;La Liga;0.87;393.5;0.29;3.98;2.14;0.78
luis alberto;MF;Serie A;1.45;302.9;0.26;3.25;2.22;1.03
raul albiol;DF;La Liga;0.06;433.6;0.0;0.59;1.66;0.24
thiago alcantara;MF;Premier League;0.7;348.1;0.0;3.05;4.61;2.19
ruben alcaraz;MF;La Liga;1.52;184.0;0.0;1.88;3.3;0.71
omar alderete;DF;La Liga;0.71;237.9;0.0;0.86;2.14;1.14
ivan alejo;MFFW;La Liga;1.48;52.5;0.12;2.72;3.21;2.47
carles alena;MF;La Liga;1.3;114.9;0.12;1.67;1.17;1.6
trent alexander-arnold;DF;Premier League;1.31;518.4;0.06;4.0;2.81;0.69
angel algobia;MF;La Liga;0.36;123.1;0.0;1.2;2.29;0.24
jim allevinah;DFFW;Ligue 1;1.4;68.6;0.0;1.91;2.57;4.04
domingos andre ribeiro almeida;MF;La Liga;0.79;213.3;0.22;3.45;3.24;2.73
miguel almiron;FW;Premier League;2.33;99.6;0.05;3.07;2.13;2.92
marcos alonso;DF;La Liga;0.43;483.8;0.0;1.01;2.03;0.14
mickael alphonse;DF;Ligue 1;0.74;251.4;0.0;1.47;4.11;1.05
gaston alvarez;DF;La Liga;0.32;167.8;0.0;0.63;3.65;0.79
julian alvarez;FWMF;Premier League;2.97;47.2;0.0;2.81;1.56;1.72
yeray alvarez;DF;La Liga;0.34;357.5;0.06;1.15;3.33;0.34
daniel amartey;DF;Premier League;0.2;379.9;0.0;0.92;1.64;0.33
kelvin amian;DF;Serie A;0.77;208.9;0.09;0.94;3.16;0.77
bruno amione;DF;Serie A;0.53;233.08;0.1;0.63;3.71;0.21
nadiem amiri;MFFW;Bundesliga;1.69;146.2;0.14;3.1;1.55;2.96
ethan ampadu;DFMF;Serie A;0.79;284.6;0.07;1.79;4.11;0.33
sofyan amrabat;MF;Serie A;0.54;332.6;0.0;1.71;2.87;0.93
joachim andersen;DF;Premier League;0.67;469.9;0.0;0.61;2.44;0.37
felipe anderson;FW;Serie A;1.18;93.3;0.11;3.05;2.94;2.89
benjamin andre;MF;Ligue 1;0.77;329.4;0.05;2.46;5.59;1.13
komnen andri?;FW;Ligue 1;1.94;42.2;0.14;2.09;1.37;0.79
robert andrich;MF;Bundesliga;1.02;195.6;0.13;1.46;3.57;0.06
angelino;DF;Bundesliga;0.62;261.5;0.28;3.28;1.75;0.96
fabrizio angileri;DF;La Liga;0.53;150.2;0.0;0.88;2.28;1.4
jaidon anthony;MFFW;Premier League;1.95;118.4;0.0;3.1;3.33;2.87
waldemar anton;DF;Bundesliga;0.75;382.1;0.0;1.16;2.91;1.16
michail antonio;FW;Premier League;2.05;27.4;0.17;2.39;1.2;2.56
antony;FW;Premier League;3.27;80.4;0.0;2.97;1.78;3.07
christopher antwi-adjei;FWMF;Bundesliga;1.48;99.9;0.68;4.43;1.7;3.18
dennis appiah;DFMF;Ligue 1;0.57;249.5;0.0;1.25;3.52;2.05
mauro arambarri;MF;La Liga;0.92;203.8;0.15;2.0;2.46;0.15
ronald araujo;DF;La Liga;0.63;348.9;0.11;0.95;2.21;0.11
joe aribo;MFFW;Premier League;1.07;70.5;0.0;2.13;3.03;3.11
adam armstrong;FW;Premier League;1.67;46.8;0.09;1.58;1.14;2.63
stuart armstrong;MFFW;Premier League;1.53;159.4;0.0;4.24;2.0;2.35
marko arnautovi?;FW;Serie A;1.59;49.1;0.0;2.58;0.76;1.29
maximilian arnold;MF;Bundesliga;1.04;288.4;0.1;3.33;2.55;0.57
tolgay arslan;MF;Serie A;2.09;187.5;0.0;2.75;2.53;2.42
arthur;FW;Serie A;3.24;28.6;0.14;2.3;0.81;1.62
takuma asano;FWMF;Bundesliga;2.68;54.2;0.0;3.1;1.13;1.69
santiago ascacibar;MF;Serie A;1.73;270.2;0.0;3.09;5.31;1.11
marco asensio;FWMF;La Liga;3.75;134.1;0.54;4.11;1.79;1.07
kristoffer askildsen;MF;Serie A;1.36;140.3;0.0;2.12;2.58;0.76
iago aspas;FW;La Liga;2.27;102.5;0.16;4.32;0.38;1.78
youcef atal;DFMF;Ligue 1;1.27;213.2;0.0;3.66;6.34;4.23
tommaso augello;DF;Serie A;0.33;284.9;0.11;2.15;0.88;1.22
serge aurier;DF;Premier League;0.5;234.3;0.0;1.58;4.75;1.42
mathias autret;MFFW;Ligue 1;1.52;198.4;0.15;3.79;2.35;1.67
ezequiel avila;FWMF;La Liga;3.1;85.1;0.16;2.48;0.85;1.63
cedric avinel;DF;Ligue 1;0.16;220.4;0.0;0.25;1.48;0.08
taiwo awoniyi;FW;Premier League;2.35;17.0;0.0;2.1;1.36;2.1
jordan ayew;FWMF;Premier League;0.78;50.7;0.06;2.71;3.31;4.28
kaan ayhan;DF;Serie A;0.16;279.0;0.0;0.82;2.46;0.0
luke ayling;DF;Premier League;0.9;270.3;0.13;1.67;4.87;2.05
cesar azpilicueta;DF;Premier League;0.44;282.7;0.0;1.49;3.51;0.79
iddrisu baba;MF;La Liga;0.63;122.7;0.0;0.72;2.61;0.9
sr?an babi?;DF;La Liga;0.29;283.2;0.0;0.91;1.77;0.34
loic bade;DF;La Liga;0.5;426.48;0.17;0.33;2.5;0.33
benoit badiashile;DF;Premier League;0.68;415.52;0.0;0.9;2.78;0.15
alex baena;MFFW;La Liga;2.96;108.3;0.09;3.48;1.83;2.7
leon bailey;FWMF;Premier League;2.4;64.0;0.14;2.74;0.96;5.0
nedim bajrami;MFFW;Serie A;2.12;123.2;0.1;3.62;1.39;2.87
mitchel bakker;MFDF;Bundesliga;0.93;217.0;0.09;1.76;1.67;1.76
ridle baku;DF;Bundesliga;1.09;264.8;0.05;2.29;2.45;1.82
tommaso baldanzi;MF;Serie A;1.41;107.2;0.0;3.53;1.88;1.65
alejandro balde;DF;La Liga;0.45;154.4;0.3;2.09;2.24;2.91
thierno balde;DF;Ligue 1;0.27;164.8;0.0;2.04;2.65;2.93
leonardo balerdi;DF;Ligue 1;0.15;271.0;0.05;0.26;3.62;0.46
ivan balliu;DF;La Liga;0.25;281.1;0.0;2.11;1.76;0.8
folarin balogun;FW;Ligue 1;3.33;34.1;0.06;2.15;0.34;2.94
abdoulaye bamba;DF;Ligue 1;0.0;231.5;0.0;0.81;3.71;0.81
jonathan bamba;FW;Ligue 1;2.47;141.7;0.19;4.2;1.79;3.4
patrick bamford;FW;Premier League;3.03;30.5;0.3;1.06;0.61;1.21
lameck banda;FWMF;Serie A;1.79;49.6;0.09;2.05;1.88;5.9
filippo bandinelli;MF;Serie A;1.08;155.4;0.0;2.81;2.63;1.56
leo baptistao;FWMF;La Liga;2.95;93.7;0.1;3.24;3.52;1.71
antonin barak;MF;Serie A;1.4;99.61;0.0;1.84;1.32;2.18
melvin bard;DF;Ligue 1;0.18;221.0;0.0;0.9;5.54;1.69
nicolo barella;MF;Serie A;0.95;200.8;0.28;3.74;1.73;2.01
ross barkley;FWMF;Ligue 1;3.24;144.7;0.15;3.38;1.76;1.62
harvey barnes;MFFW;Premier League;2.5;68.2;0.05;1.97;1.12;2.93
leandro barreiro martins;MF;Bundesliga;1.33;76.3;0.17;1.83;4.08;0.5
musa barrow;FWMF;Serie A;3.29;119.4;0.12;3.41;0.82;2.94
federico baschirotto;DF;Serie A;0.55;230.5;0.0;0.32;2.09;0.14
alessandro bastoni;DF;Serie A;0.71;418.8;0.14;2.41;2.98;0.57
simone bastoni;MFDF;Serie A;1.9;165.6;0.19;2.48;4.19;1.52
rodrigo battaglia;MF;La Liga;0.27;115.5;0.0;0.55;2.33;0.41
maximilian bauer;DF;Bundesliga;0.69;223.4;0.0;0.95;3.02;0.17
christoph baumgartner;MFFW;Bundesliga;2.53;109.6;0.17;3.6;1.97;3.6
cyrille bayala;MF;Ligue 1;1.06;105.3;0.07;1.84;3.9;2.55
rodrigo becao;DF;Serie A;0.61;324.3;0.07;1.22;3.81;0.41
sheraldo becker;FW;Bundesliga;2.1;53.0;0.25;3.09;0.56;1.23
kevin behrens;FW;Bundesliga;1.43;70.7;0.12;2.5;0.95;0.71
jeremie bela;DFMF;Ligue 1;1.27;122.4;0.14;1.27;1.83;3.38
youcef belaili;MFFW;Ligue 1;2.2;161.94;0.39;3.78;1.73;4.02
haris belkebla;MF;Ligue 1;0.42;172.5;0.0;1.69;4.4;1.14
stefan bell;DF;Bundesliga;0.24;361.8;0.0;0.79;3.46;0.31
armel bella kotchap;DF;Premier League;0.88;165.4;0.09;0.79;4.04;0.53
jean-ricner bellegarde;MF;Ligue 1;1.19;208.9;0.28;3.56;2.94;4.07
jude bellingham;MF;Bundesliga;2.07;254.6;0.21;3.88;4.2;4.95
fran beltran;MF;La Liga;0.89;215.9;0.06;2.18;2.07;0.39
wissam ben yedder;FW;Ligue 1;2.46;57.2;0.24;2.46;0.87;2.54
ismael bennacer;MF;Serie A;0.45;283.6;0.06;4.39;4.2;2.29
said benrahma;FWMF;Premier League;2.86;87.7;0.08;4.51;1.5;5.94
ramy bensebaini;DF;Bundesliga;1.4;266.4;0.0;1.28;2.74;1.17
nabil bentaleb;MF;Ligue 1;1.18;363.6;0.18;2.49;4.97;3.31
rodrigo bentancur;MF;Premier League;0.9;189.5;0.12;2.04;3.89;1.98
karim benzema;FW;La Liga;4.05;95.5;0.26;4.66;0.6;1.72
domenico berardi;FW;Serie A;4.31;151.5;0.29;4.51;2.16;1.67
yuri berchiche;DF;La Liga;1.24;306.1;0.1;2.1;3.52;1.05
alex berenguer;FW;La Liga;1.97;95.1;0.07;2.96;2.5;2.37
bartosz bereszy?ski;DF;Serie A;0.23;242.0;0.0;0.6;3.68;1.13
mitchell van bergen;FWDF;Ligue 1;2.43;75.0;0.14;2.71;2.29;3.14
mergim berisha;FW;Bundesliga;2.91;70.2;0.31;2.44;0.55;1.97
quentin bernard;DF;Ligue 1;0.0;425.1;0.14;1.57;3.43;0.57
juan bernat;DF;Ligue 1;0.45;153.8;0.18;2.0;2.45;2.0
beto;FW;Serie A;2.31;12.5;0.07;1.87;1.12;2.46
matteo bianchetti;DF;Serie A;0.43;243.5;0.0;0.72;2.03;0.14
pedro bigas;DF;La Liga;0.85;327.4;0.0;0.63;3.17;0.42
jaka bijol;DF;Serie A;0.65;266.6;0.0;0.45;2.01;0.13
el bilal toure;FW;La Liga;2.19;24.49;0.17;2.63;0.26;1.14
philip billing;MFFW;Premier League;1.16;89.2;0.06;1.68;3.24;1.39
cristiano biraghi;DF;Serie A;0.78;370.2;0.11;4.89;2.44;0.72
samuele birindelli;DF;Serie A;1.22;183.7;0.1;2.65;3.27;1.53
yves bissouma;MF;Premier League;0.56;197.1;0.0;2.78;2.33;0.78
leonardo bittencourt;MFDF;Bundesliga;1.35;96.5;0.0;2.08;3.13;2.71
ludovic blas;MFFW;Ligue 1;3.3;127.4;0.05;4.27;2.32;4.81
miha bla?i?;DF;Ligue 1;0.3;344.4;0.0;0.24;1.15;0.0
alexis blin;MFDF;Serie A;0.36;159.4;0.0;1.22;3.88;0.5
jean-paul boetius;MF;Bundesliga;0.6;168.1;0.0;2.17;3.37;1.2
willy boly;DF;Premier League;0.15;238.0;0.15;0.76;3.79;0.3
giacomo bonaventura;MF;Serie A;2.36;129.5;0.0;3.18;2.77;2.16
federico bonazzoli;FW;Serie A;2.8;75.6;0.1;2.2;0.6;2.0
theo bongonda;MF;La Liga;2.11;47.6;0.22;1.33;1.56;4.11
leonardo bonucci;DF;Serie A;0.3;367.2;0.0;0.9;1.64;0.15
neto borges;DF;Ligue 1;0.84;227.9;0.0;2.58;4.11;3.0
sebastiaan bornauw;DF;Bundesliga;0.16;321.4;0.0;0.16;2.38;0.16
sven botman;DF;Premier League;0.59;336.5;0.0;0.75;2.25;0.0
hicham boudaoui;MF;Ligue 1;0.47;154.0;0.12;2.44;5.7;2.56
sofiane boufal;FWMF;Ligue 1;2.26;169.2;0.32;5.59;2.04;8.28
mehdi bourabia;MF;Serie A;0.76;184.1;0.11;2.54;3.03;2.16
benjamin bourigeaud;MFFW;Ligue 1;1.69;274.4;0.26;5.24;1.75;1.16
jarrod bowen;FWMF;Premier League;2.01;81.3;0.05;2.97;2.05;2.51
lucas boye;FW;La Liga;2.0;51.0;0.15;2.37;2.0;3.7
domagoj bradari?;DF;Serie A;0.36;164.9;0.09;1.8;1.44;2.43
martin braithwaite;FWMF;La Liga;2.12;32.6;0.08;1.67;0.83;2.12
juan brandariz;DF;La Liga;0.25;237.6;0.0;0.38;2.63;0.25
julian brandt;MFFW;Bundesliga;1.33;151.7;0.24;5.0;1.69;2.95
darko braanac;MF;La Liga;0.72;109.4;0.12;1.57;3.25;0.96
lilian brassier;DF;Ligue 1;0.38;332.9;0.0;0.98;3.26;1.3
gleison bremer;DF;Serie A;0.97;306.7;0.0;0.86;2.57;0.29
dylan bronn;DF;Serie A;0.5;330.7;0.0;0.86;3.09;0.5
marcelo brozovi?;MF;Serie A;1.55;277.0;0.0;1.97;3.1;1.27
cedric brunner;DF;Bundesliga;0.38;244.8;0.0;1.33;3.48;0.51
andreas bruus;DFFW;Ligue 1;0.35;148.6;0.18;2.12;1.86;2.12
ante budimir;FW;La Liga;2.92;14.1;0.0;1.88;1.15;1.25
emi buendia;MFFW;Premier League;2.21;140.7;0.0;3.38;3.31;1.99
hugo bueno;DF;Premier League;0.42;144.7;0.1;2.08;3.54;2.19
santiago bueno;DF;La Liga;0.55;346.0;0.05;0.75;2.96;0.2
marius bulter;FWMF;Bundesliga;1.99;85.3;0.0;3.19;1.2;2.35
cristian buonaiuto;MFFW;Serie A;4.14;154.8;0.0;5.86;3.79;4.66
alessandro buongiorno;DF;Serie A;0.83;209.0;0.0;0.76;3.69;0.57
jonathan burkardt;MFFW;Bundesliga;3.39;53.7;0.34;3.39;0.68;3.39
dan burn;DF;Premier League;0.53;255.5;0.0;0.97;2.14;0.53
maxime busi;DF;Ligue 1;0.44;228.7;0.15;1.62;3.24;2.79
sergio busquets;MF;La Liga;0.28;305.7;0.07;2.41;3.72;0.48
remy cabella;MFFW;Ligue 1;1.58;261.4;0.45;6.84;3.16;2.11
jimmy cabot;DFMF;Ligue 1;0.88;267.9;0.18;5.44;4.21;4.21
leandro cabrera;DF;La Liga;0.77;310.1;0.0;1.04;2.57;0.0
anthony caci;DF;Bundesliga;0.51;360.2;0.08;2.46;5.51;0.68
moises caicedo;MF;Premier League;0.73;225.5;0.05;2.24;4.58;0.99
jens cajuste;MF;Ligue 1;1.37;180.4;0.11;2.95;5.05;2.84
davide calabria;DF;Serie A;0.63;341.4;0.18;1.62;6.04;0.72
mattia caldara;DF;Serie A;0.74;220.8;0.0;0.46;3.06;0.46
luca caldirola;DF;Serie A;0.34;362.0;0.0;0.55;1.92;0.07
fernando calero;DFMF;La Liga;0.31;249.8;0.0;0.84;3.28;0.08
duje ?aleta-car;DF;Premier League;0.38;321.99;0.0;0.49;2.97;0.0
hakan calhanoðlu;MF;Serie A;1.65;262.9;0.29;4.35;3.18;0.76
dominic calvert-lewin;FW;Premier League;1.98;21.6;0.0;1.6;0.49;2.22
mahdi camara;MF;Ligue 1;1.02;107.0;0.0;1.72;4.77;1.8
mohamed camara;MF;Ligue 1;1.04;258.1;0.13;1.95;4.74;2.01
eduardo camavinga;MFDF;La Liga;1.18;245.3;0.1;4.51;3.82;3.33
nicolo cambiaghi;FWMF;Serie A;2.93;84.3;0.17;4.31;3.28;3.45
andrea cambiaso;DF;Serie A;0.55;236.6;0.16;2.19;3.98;2.5
sergio camello;FW;La Liga;2.58;19.7;0.19;2.08;0.69;1.7
emre can;MF;Bundesliga;0.62;272.1;0.0;1.36;4.57;1.11
sergio canales;FWMF;La Liga;1.54;174.4;0.06;3.95;1.67;1.67
joao cancelo;DF;Premier League;1.15;291.61;0.13;2.81;3.44;4.33
antonio candreva;DFMF;Serie A;1.28;262.5;0.06;2.85;1.34;0.84
pierrick capelle;MFDF;Ligue 1;1.1;195.4;0.22;1.76;4.18;1.32
etienne capoue;MF;La Liga;1.08;153.9;0.0;2.0;2.31;1.62
gianluca caprari;MFFW;Serie A;2.24;82.4;0.07;2.72;0.82;3.06
francesco caputo;FW;Serie A;1.87;30.93;0.11;1.82;0.27;0.86
maxence caqueret;MF;Ligue 1;0.98;250.6;0.18;4.05;4.11;2.02
isaac carcelen;DF;La Liga;0.34;200.5;0.0;1.37;4.7;0.85
carlos;DF;Serie A;1.28;212.5;0.15;1.59;2.21;1.74
carmona;MF;La Liga;1.03;200.51;0.11;2.27;3.98;1.94
yannick carrasco;DFMF;La Liga;2.59;137.8;0.0;3.52;2.13;3.8
dani carvajal;DF;La Liga;0.5;198.5;0.08;1.75;2.92;0.83
william carvalho;MF;La Liga;0.93;269.2;0.07;1.93;2.07;2.07
nicolo casale;DF;Serie A;0.48;319.2;0.07;0.55;2.81;0.07
casemiro;MF;Premier League;1.23;287.38;0.22;3.12;5.65;0.87
matty cash;DF;Premier League;0.53;240.9;0.0;1.82;3.79;1.21
timothy castagne;DF;Premier League;0.54;220.8;0.1;1.39;3.51;0.64
michele castagnetti;MF;Serie A;0.79;282.2;0.0;3.95;3.68;0.53
valentin castellanos;FW;La Liga;2.62;27.4;0.0;1.37;0.65;1.43
jean-charles castelletto;DF;Ligue 1;0.37;273.9;0.0;0.61;4.05;0.8
samu castillejo;FW;La Liga;2.71;126.8;0.0;3.36;2.34;4.49
jonny castro;DF;Premier League;0.71;282.0;0.0;1.5;3.54;2.48
danilo cataldi;MF;Serie A;0.39;286.3;0.06;1.94;2.52;0.77
catena;DF;La Liga;0.26;418.9;0.05;0.79;1.32;0.0
yoann cathline;FWMF;Ligue 1;2.79;78.5;0.16;2.46;2.46;5.57
maximiliano caufriez;DF;Ligue 1;0.39;272.1;0.0;0.52;2.86;0.52
edinson cavani;FW;La Liga;2.19;37.5;0.1;1.9;0.48;0.57
dani ceballos;MF;La Liga;0.95;357.9;0.16;5.08;4.29;3.33
federico ceccherini;DF;Serie A;0.43;226.3;0.0;0.96;2.43;0.17
assan ceesay;FW;Serie A;2.33;25.4;0.0;1.75;1.65;1.65
zeki celik;DF;Serie A;0.36;274.4;0.0;2.64;4.18;0.64
fabien centonze;DF;Ligue 1;0.61;290.6;0.0;1.59;5.0;3.41
franco cervi;MF;La Liga;1.16;113.6;0.14;2.53;5.27;2.12
fares chaibi;FWMF;Ligue 1;1.91;107.1;0.26;2.17;1.97;0.86
trevoh chalobah;DF;Premier League;0.46;280.9;0.0;0.46;2.69;0.37
brendan chardonnet;DF;Ligue 1;0.46;341.5;0.0;0.97;3.71;0.11
xavier chavalerin;MF;Ligue 1;1.07;199.5;0.13;1.73;4.2;0.87
rayan cherki;MFFW;Ligue 1;3.9;193.1;0.39;9.09;1.43;8.18
vlad chiriche?;DF;Serie A;0.0;293.6;0.0;0.61;6.06;0.15
pedro chirivella;MF;Ligue 1;0.79;278.1;0.06;2.09;2.43;0.62
joris chotard;MF;Ligue 1;0.28;208.5;0.07;1.48;3.59;0.85
andreas christensen;DF;La Liga;0.38;460.3;0.13;0.63;2.0;0.13
ryan christie;MFFW;Premier League;1.48;92.9;0.0;2.87;3.3;3.65
samuel chukwueze;FWMF;La Liga;2.14;86.1;0.18;3.75;1.52;6.61
victor chust;DF;La Liga;0.11;283.9;0.0;0.42;1.89;0.32
pathe ciss;MFDF;La Liga;1.57;213.3;0.0;1.27;4.61;0.59
patrick ciurria;DFMF;Serie A;1.67;175.4;0.29;2.68;1.59;1.38
alexis claude-maurice;FW;Ligue 1;1.93;73.96;0.35;2.81;2.64;3.5
jonathan clauss;DF;Ligue 1;1.76;226.1;0.5;4.03;2.39;2.33
carlos clerc;DFMF;La Liga;0.38;204.5;0.08;1.08;3.23;1.77
nathaniel clyne;DF;Premier League;0.0;230.1;0.0;1.12;2.69;0.75
conor coady;DF;Premier League;0.16;359.3;0.05;0.79;1.22;0.16
alexandre coeff;DF;Ligue 1;0.15;342.9;0.15;0.46;2.77;0.31
seamus coleman;DF;Premier League;0.32;204.8;0.0;0.95;2.84;1.68
alex collado;MF;La Liga;1.83;82.5;0.17;3.17;4.0;2.67
omar colley;DF;Serie A;0.39;263.7;0.0;0.32;2.6;0.13
nathan collins;DF;Premier League;0.06;348.2;0.0;0.49;2.5;0.43
lorenzo colombo;FW;Serie A;2.55;31.9;0.18;2.27;1.27;2.45
kingsley coman;FWMF;Bundesliga;3.13;126.9;0.36;5.66;0.96;5.78
eray comert;DF;La Liga;0.54;365.3;0.0;0.67;2.95;0.07
santi comesana;MF;La Liga;0.97;186.8;0.0;3.23;4.44;1.85
abdu conte;DF;Ligue 1;0.22;280.8;0.11;1.63;2.28;1.2
lewis cook;MF;Premier League;0.3;161.8;0.12;1.94;3.21;0.97
steve cook;DF;Premier League;0.28;236.9;0.0;0.57;1.89;0.09
liam cooper;DF;Premier League;0.73;274.1;0.0;0.98;4.23;0.24
copete;DF;La Liga;0.28;257.8;0.0;0.28;3.99;0.56
diego coppola;DF;Serie A;0.43;284.1;0.0;1.01;3.04;0.43
francis coquelin;MF;La Liga;0.76;100.1;0.0;1.14;3.29;0.76
sebastien corchia;DFMF;Ligue 1;0.34;216.2;0.17;2.24;3.1;1.03
angel correa;MFFW;La Liga;3.19;81.3;0.0;4.29;1.54;3.63
thierry correia;DF;La Liga;0.26;284.0;0.0;1.95;3.77;1.56
danny da costa;DF;Bundesliga;0.74;255.3;0.15;1.62;2.21;1.91
david pereira da costa;MFFW;Ligue 1;1.75;160.4;0.22;3.72;1.68;3.07
diego costa;FW;Premier League;2.92;14.3;0.0;1.53;0.56;0.42
jaume costa;DF;La Liga;0.49;198.4;0.06;2.07;2.07;1.1
nuno da costa;FWMF;Ligue 1;2.11;61.3;0.08;2.34;3.2;5.0
samu costa;MF;La Liga;0.71;249.5;0.0;2.05;5.04;0.71
vladimir coufal;DF;Premier League;0.35;279.2;0.0;2.31;3.99;0.56
lassana coulibaly;MF;Serie A;0.46;127.8;0.11;1.94;3.54;2.69
mathieu coutadeur;MF;Ligue 1;0.18;238.1;0.0;1.56;2.02;0.64
philippe coutinho;MFFW;Premier League;2.41;110.5;0.0;2.91;2.03;3.8
yan couto;DFMF;La Liga;0.66;178.0;0.13;3.95;3.03;5.0
nicolas cozza;DF;Ligue 1;0.49;223.2;0.07;1.27;4.15;1.06
aaron cresswell;DF;Premier League;0.41;377.8;0.0;3.12;2.0;0.35
bryan cristante;MF;Serie A;0.88;243.9;0.0;1.37;3.97;0.34
juan cruz armada;DF;La Liga;0.07;258.3;0.0;1.79;1.86;0.79
juan cuadrado;DFFW;Serie A;1.53;225.8;0.25;3.73;3.64;1.95
marc cucurella;DF;Premier League;0.4;272.9;0.13;1.54;4.03;0.87
matheus cunha;FW;Premier League;2.57;36.86;0.29;2.57;1.29;2.43
moanes dabbur;FW;Bundesliga;2.33;86.3;0.0;4.17;1.67;2.17
colin dagba;DF;Ligue 1;0.32;217.1;0.0;2.9;4.19;2.9
patson daka;FW;Premier League;2.44;35.3;0.38;2.18;1.41;1.15
thijs dallinga;FW;Ligue 1;2.01;28.7;0.07;1.87;0.6;1.04
diogo dalot;DF;Premier League;0.99;262.9;0.14;2.48;3.83;1.63
flavius daniliuc;DF;Serie A;0.4;320.93;0.08;0.88;3.19;0.24
danilo;DF;Serie A;0.75;362.9;0.1;1.54;3.73;0.7
kevin danso;DF;Ligue 1;0.59;398.7;0.05;1.27;2.14;1.0
dante;DF;Ligue 1;0.5;462.5;0.05;0.59;3.09;0.23
sergi darder;MF;La Liga;1.02;247.3;0.05;4.31;2.64;3.5
achraf dari;DF;Ligue 1;0.4;309.2;0.0;0.5;2.5;0.0
matteo darmian;DF;Serie A;0.27;241.1;0.18;2.55;3.64;1.45
josh dasilva;MF;Premier League;1.17;126.8;0.18;2.88;1.53;3.06
jonathan david;FW;Ligue 1;3.13;64.2;0.21;3.13;0.97;2.21
alphonso davies;DF;Bundesliga;0.52;277.9;0.13;3.55;2.9;5.61
ben davies;DF;Premier League;0.63;277.8;0.06;1.44;1.75;0.56
pawe? dawidowicz;DF;Serie A;0.84;218.7;0.0;0.6;3.61;0.48
craig dawson;DF;Premier League;0.8;287.34;0.0;1.5;1.8;0.1
kevin de bruyne;MF;Premier League;2.64;242.5;0.62;6.52;1.29;1.85
charles de ketelaere;MFFW;Serie A;1.54;110.0;0.13;4.1;1.79;3.85
rodrigo de paul;MF;La Liga;0.82;289.1;0.21;4.02;1.55;1.44
mattia de sciglio;DF;Serie A;0.6;297.9;0.0;1.64;1.64;0.75
lorenzo de silvestri;DF;Serie A;0.69;251.9;0.0;1.38;0.69;0.52
thibault de smet;DF;Ligue 1;0.0;254.1;0.13;1.03;3.46;0.26
koni de winter;DF;Serie A;0.0;264.8;0.0;0.45;2.02;0.22
brecht dejaegere;MF;Ligue 1;1.28;106.4;0.08;2.03;2.56;1.8
romain del castillo;FWMF;Ligue 1;2.5;189.9;0.44;4.26;3.38;4.41
thomas delaine;DF;Ligue 1;0.38;182.4;0.13;1.77;2.53;2.15
andy delort;FW;Ligue 1;2.66;67.42;0.11;2.44;0.57;1.69
moussa dembele;FWMF;Ligue 1;2.94;28.5;0.0;1.47;0.88;1.18
ousmane dembele;FW;La Liga;3.2;125.2;0.41;5.0;1.39;5.9
merih demiral;DF;Serie A;0.37;162.0;0.0;0.22;3.82;0.29
kerem demirbay;MF;Bundesliga;1.7;272.2;0.3;2.7;3.1;1.5
ermedin demirovi?;FWMF;Bundesliga;2.63;51.3;0.12;2.46;2.16;1.86
branco van den boomen;MF;Ligue 1;1.78;395.7;0.33;4.95;2.2;0.98
leander dendoncker;MF;Premier League;0.64;108.84;0.0;1.77;4.84;0.97
fabio depaoli;DF;Serie A;0.96;249.99;0.13;2.41;2.69;2.48
mikkel desler;DF;Ligue 1;0.52;273.7;0.07;2.01;4.55;1.79
cyriel dessers;FW;Serie A;2.76;23.7;0.0;2.16;0.75;1.87
gerard deulofeu;FW;Serie A;3.26;172.7;0.44;6.15;0.74;3.26
kiernan dewsbury-hall;MF;Premier League;0.88;146.1;0.12;3.27;2.75;2.51
federico di francesco;FWMF;Serie A;1.84;72.6;0.16;2.48;1.68;1.92
giovanni di lorenzo;DF;Serie A;0.77;384.1;0.14;3.44;2.49;1.05
angel di maria;FW;Serie A;2.5;221.8;0.29;5.74;1.32;3.97
boulaye dia;FW;Serie A;1.53;49.1;0.25;2.45;0.74;2.88
moussa diaby;FW;Bundesliga;2.23;89.2;0.16;3.53;0.82;3.04
mouctar diakhaby;DF;La Liga;0.55;312.5;0.0;0.55;2.03;0.16
bafode diakite;DF;Ligue 1;0.57;280.1;0.0;1.44;2.37;0.88
habib diallo;FW;Ligue 1;2.22;35.4;0.0;1.4;1.29;2.34
ibrahima diallo;MF;Premier League;0.76;97.1;0.0;0.63;2.91;1.39
ismael diallo;DF;Ligue 1;0.12;261.2;0.0;0.71;2.65;1.29
mouhamadou diarra;MF;Ligue 1;0.99;112.0;0.0;2.09;2.64;2.64
moussa diarra;DF;Ligue 1;0.09;240.3;0.09;1.27;3.18;1.45
stephane diarra;FW;Ligue 1;1.76;84.0;0.0;2.53;4.18;6.48
ruben dias;DF;Premier League;0.52;559.8;0.0;0.62;1.86;0.31
krepin diatta;MFFW;Ligue 1;2.08;110.4;0.13;3.15;1.88;2.48
brahim diaz;MF;Serie A;1.83;128.8;0.26;4.26;1.91;2.87
luis diaz;FW;Premier League;2.35;87.8;0.29;2.94;1.76;4.26
eric dier;DF;Premier League;0.66;431.5;0.0;0.99;2.16;0.0
lucas digne;DF;Premier League;0.49;259.8;0.0;1.63;2.85;0.98
federico dimarco;DF;Serie A;1.9;267.5;0.06;4.05;2.09;0.8
junior dina ebimbe;DFMF;Bundesliga;1.84;139.5;0.11;1.72;3.56;3.68
sinaly diomande;DF;Ligue 1;0.51;405.9;0.0;0.71;4.85;0.4
issa diop;DF;Premier League;0.24;357.6;0.0;0.39;2.83;0.24
sofiane diop;MFFW;Ligue 1;1.89;148.45;0.37;4.17;2.17;3.5
axel disasi;DF;Ligue 1;0.64;341.4;0.14;0.77;2.82;0.36
tiago djalo;DF;Ligue 1;0.62;395.9;0.0;0.36;2.75;0.57
djene;DF;La Liga;0.18;225.1;0.0;0.53;2.75;0.76
moussa djenepo;DFFW;Premier League;0.47;108.8;0.16;2.03;4.38;4.69
koffi djidji;DF;Serie A;0.47;224.8;0.0;0.59;3.25;0.06
alexander djiku;DF;Ligue 1;0.55;393.4;0.1;0.6;4.0;0.2
berat djimsiti;DF;Serie A;0.29;258.3;0.0;0.29;4.06;0.29
ritsu doan;FWMF;Bundesliga;2.18;70.8;0.18;2.67;3.15;4.79
dodo;DF;Serie A;0.3;241.4;0.08;2.27;2.2;0.98
danilho doekhi;DF;Bundesliga;0.46;184.6;0.09;0.55;3.21;0.28
matt doherty;DFMF;Premier League;1.35;165.1;0.0;2.43;3.24;1.62
josh doig;DF;Serie A;1.44;192.4;0.29;2.6;2.31;3.37
nicolas dominguez;MF;Serie A;1.42;175.5;0.14;2.84;4.05;1.15
gabriel dos santos;DF;Premier League;0.9;355.2;0.0;0.67;2.29;0.05
cheick doucoure;MF;Premier League;1.26;186.0;0.11;2.08;5.08;0.71
desire doue;MFFW;Ligue 1;1.67;79.6;0.13;2.31;4.36;5.38
ismael doukoure;DF;Ligue 1;0.35;234.5;0.0;0.44;2.57;1.06
kamory doumbia;MF;Ligue 1;1.92;151.4;0.2;3.23;3.33;2.53
souleyman doumbia;DFFW;Ligue 1;0.24;197.3;0.0;1.46;3.35;3.29
dominick drexler;MFFW;Bundesliga;1.08;93.5;0.32;3.01;1.94;1.4
domingos duarte;DF;La Liga;0.59;220.6;0.11;0.32;2.27;0.27
marvin ducksch;FW;Bundesliga;2.7;80.5;0.27;3.84;0.65;1.03
ondrej duda;MF;Serie A;1.43;110.5;0.0;2.75;2.08;2.21
denzel dumfries;DF;Serie A;1.5;149.5;0.15;3.38;1.65;1.65
alfred duncan;MF;Serie A;0.33;228.5;0.0;2.83;2.5;1.83
lewis dunk;DF;Premier League;0.48;527.4;0.0;0.57;1.62;0.05
hugo duro;FWMF;La Liga;2.67;15.2;0.0;1.67;1.0;0.5
jean-kevin duverne;DF;Ligue 1;0.13;282.6;0.0;1.62;3.83;1.88
paulo dybala;MFFW;Serie A;2.82;150.4;0.46;5.11;1.15;2.82
edin d?eko;FW;Serie A;3.61;74.2;0.21;3.26;0.21;1.11
enzo ebosse;DF;Serie A;0.3;310.1;0.0;0.79;2.38;0.69
tyronne ebuehi;DF;Serie A;1.1;203.2;0.11;1.32;1.54;0.88
ederson;MFFW;Serie A;1.75;153.4;0.0;2.25;4.58;2.08
odsonne edouard;FWMF;Premier League;2.07;36.0;0.17;2.48;1.98;2.15
samuel edozie;FWMF;Premier League;1.33;56.2;0.0;3.0;3.5;5.83
maximilian eggestein;MF;Bundesliga;0.39;113.6;0.13;1.94;3.1;0.52
inigo eguaras;MF;La Liga;0.71;296.0;0.14;2.14;2.14;0.43
kingsley ehizibue;DF;Serie A;0.78;205.45;0.0;1.98;2.76;1.84
chidera ejuke;FWMF;Bundesliga;2.39;77.6;0.34;3.86;0.68;8.41
albin ekdal;MF;Serie A;0.92;150.5;0.15;2.77;2.77;0.62
hugo ekitike;FW;Ligue 1;2.2;32.6;0.37;1.83;1.46;2.44
harvey elliott;MFFW;Premier League;1.67;158.6;0.08;3.89;1.51;2.7
elif elmas;FWMF;Serie A;1.74;118.0;0.11;2.83;2.17;2.93
aritz elustondo;DF;La Liga;0.53;256.8;0.09;0.79;3.42;0.26
nico elvedi;DF;Bundesliga;0.61;355.6;0.0;0.79;2.73;0.06
rodrigo ely;DF;La Liga;0.63;299.6;0.0;0.58;1.73;0.16
sepe elye wahi;FW;Ligue 1;1.93;22.9;0.06;1.4;0.58;2.4
mohamed elyounoussi;MFFW;Premier League;1.79;76.0;0.06;1.86;2.63;1.35
adri embarba;FWMF;La Liga;2.64;114.9;0.33;3.96;4.4;6.92
breel embolo;FW;Ligue 1;1.99;51.3;0.12;3.16;1.05;3.45
emerson;DF;Premier League;0.9;196.9;0.08;2.11;3.46;1.5
youssef en-nesyri;FW;La Liga;3.17;14.9;0.0;1.59;1.46;1.1
wataru endo;MF;Bundesliga;1.51;182.5;0.05;2.27;3.14;1.62
christian eriksen;MF;Premier League;1.39;241.6;0.42;2.97;1.21;0.48
martin erlic;DF;Serie A;0.07;284.8;0.0;0.51;2.21;0.07
gonzalo escalante;MF;Serie A;1.3;209.19;0.12;2.0;4.23;0.94
sergio escudero;DF;La Liga;1.41;205.8;0.0;2.0;3.76;0.94
alfonso espino;DF;La Liga;0.56;206.1;0.15;1.52;3.76;1.42
bernardo espinosa;DF;La Liga;0.64;381.7;0.11;0.64;0.96;0.32
maxime esteve;DF;Ligue 1;0.27;221.1;0.0;0.47;3.58;0.41
pervis estupinan;DF;Premier League;0.57;256.9;0.21;2.79;3.71;1.21
jonny evans;DF;Premier League;0.11;509.3;0.0;0.44;2.89;0.0
edu exposito;MF;La Liga;1.26;128.3;0.19;2.43;3.4;1.36
eberechi eze;MFFW;Premier League;2.27;136.9;0.17;3.43;1.8;3.72
abdessamad ezzalzouli;FWMF;La Liga;2.15;80.6;0.31;3.08;2.62;5.69
fabinho;MF;Premier League;0.58;222.5;0.0;2.09;3.74;0.22
noah fadiga;DF;Ligue 1;0.92;201.9;0.0;1.33;3.37;2.86
wout faes;DF;Premier League;0.21;366.03;0.0;0.58;3.32;0.37
nicolo fagioli;MF;Serie A;0.95;122.7;0.32;2.86;2.54;0.95
fali;DFMF;La Liga;0.39;214.1;0.0;0.69;1.76;0.29
ansu fati;FW;La Liga;4.3;51.5;0.35;3.14;1.51;3.14
federico fazio;DF;Serie A;0.93;269.8;0.0;1.02;3.64;0.68
nabil fekir;MF;La Liga;2.18;129.5;0.23;5.4;1.03;4.02
luiz felipe;DF;La Liga;0.23;289.0;0.0;0.35;2.79;0.47
joao felix;MFFW;Premier League;3.98;104.43;0.34;4.09;1.82;3.64
ohis felix uduokhai;DF;Bundesliga;0.2;214.1;0.1;0.71;3.67;0.71
kiko femenia;DF;La Liga;0.0;230.8;0.0;1.72;2.22;1.01
lewis ferguson;MF;Serie A;1.7;88.5;0.0;2.32;2.95;0.98
bruno fernandes;MFFW;Premier League;2.05;206.9;0.19;4.95;3.14;1.48
edimilson fernandes;DF;Bundesliga;0.64;256.7;0.14;1.49;3.83;1.06
alex fernandez;MFFW;La Liga;0.88;166.6;0.0;1.91;1.4;0.37
joaquin fernandez;DF;La Liga;0.55;300.9;0.0;0.82;2.4;0.0
fernando;MFDF;La Liga;0.28;226.2;0.0;1.2;3.7;0.19
alex ferrari;DF;Serie A;0.36;250.25;0.0;0.59;4.1;0.66
jordan ferri;MF;Ligue 1;0.36;336.3;0.12;1.9;2.44;1.49
roberto firmino;FWMF;Premier League;3.2;143.9;0.29;3.69;1.84;1.46
florian flick;MF;Bundesliga;0.35;115.1;0.0;1.23;2.81;0.35
alexis flips;DFMF;Ligue 1;2.59;236.5;0.27;4.2;4.02;1.79
phil foden;FWDF;Premier League;2.41;117.2;0.34;4.74;1.29;2.5
seko fofana;MF;Ligue 1;2.16;157.7;0.15;2.78;1.44;2.73
youssouf fofana;MF;Ligue 1;1.03;212.5;0.05;2.16;3.82;2.99
thomas foket;DF;Ligue 1;0.14;214.8;0.0;2.32;3.33;0.87
jose fonte;DF;Ligue 1;0.62;396.7;0.0;0.56;2.03;0.0
pablo fornals;FWMF;Premier League;1.59;167.6;0.0;3.46;2.43;1.5
emil forsberg;MFFW;Bundesliga;0.83;100.1;0.24;2.02;1.31;1.67
philipp forster;MF;Bundesliga;1.25;143.6;0.52;2.5;2.5;1.04
dimitri foulquier;DFMF;La Liga;0.27;177.7;0.14;1.35;3.11;1.35
juan foyth;DF;La Liga;0.43;332.3;0.0;1.29;4.57;2.86
przemys?aw frankowski;DFMF;Ligue 1;1.09;288.5;0.11;4.34;4.29;0.86
davide frattesi;MF;Serie A;1.98;119.0;0.0;3.18;2.5;2.5
fred;MF;Premier League;2.47;184.1;0.0;3.65;4.24;1.18
ivan fresneda;DF;La Liga;0.12;208.4;0.0;2.0;4.94;2.0
remo freuler;MF;Premier League;0.37;149.7;0.0;1.23;3.58;0.56
marco friedl;DF;Bundesliga;0.18;401.5;0.0;1.01;4.23;0.48
marvin friedrich;DF;Bundesliga;0.65;354.7;0.0;0.65;2.24;0.09
jeremie frimpong;DFMF;Bundesliga;1.23;144.7;0.22;3.18;2.68;5.36
chris fuhrich;FWMF;Bundesliga;2.37;93.1;0.0;3.36;2.52;4.05
angelo fulgini;MF;Ligue 1;1.33;122.42;0.16;2.99;2.01;4.16
niclas fullkrug;FW;Bundesliga;3.03;76.4;0.16;2.49;0.38;1.78
matteo gabbia;DF;Serie A;0.15;298.2;0.0;0.6;3.28;0.0
manolo gabbiadini;FWMF;Serie A;3.47;59.3;0.08;2.2;0.76;0.76
javi galan;DF;La Liga;0.37;218.5;0.05;2.3;3.93;4.55
inigo ruiz de galarreta;MF;La Liga;0.48;179.4;0.0;1.79;3.31;1.1
conor gallagher;MFFW;Premier League;1.4;155.7;0.11;2.9;4.3;2.69
antonino gallo;DF;Serie A;0.2;267.2;0.07;2.23;2.77;0.81
cristian gamboa;DF;Bundesliga;0.5;240.4;0.0;1.84;3.62;0.64
kevin gameiro;FW;Ligue 1;1.94;59.2;0.0;2.58;1.42;2.0
idrissa gana gueye;MF;Premier League;0.07;171.2;0.07;1.62;4.78;0.96
ignatius ganago;FWMF;Ligue 1;1.72;39.31;0.31;1.83;0.4;1.22
aleix garcia;MF;La Liga;1.23;305.7;0.2;5.17;2.56;0.89
alvaro garcia;FWMF;La Liga;1.45;91.3;0.12;3.15;2.73;1.64
dani garcia;MF;La Liga;0.3;200.2;0.15;1.21;3.18;0.15
david garcia;DF;La Liga;0.46;299.6;0.0;0.69;2.91;0.06
eric garcia;DF;La Liga;0.36;486.5;0.0;0.12;3.61;0.24
francisco garcia;DF;La Liga;0.9;229.0;0.1;1.96;3.22;1.71
raul garcia;FWMF;La Liga;4.92;59.4;0.32;4.13;1.9;1.43
ruben garcia;MFFW;La Liga;1.88;155.1;0.29;5.07;2.46;1.45
unai garcia;DF;La Liga;0.28;248.7;0.07;0.28;2.2;0.35
johan gastien;MF;Ligue 1;0.69;403.1;0.11;2.53;3.56;0.69
federico gatti;DF;Serie A;1.0;350.3;0.0;1.5;2.33;0.0
gavi;MFFW;La Liga;0.92;105.2;0.14;3.26;2.62;1.63
dennis geiger;MF;Bundesliga;0.31;228.1;0.15;3.05;2.67;0.53
valentin gendrey;DF;Serie A;0.3;249.7;0.0;1.19;4.31;0.94
yannick gerhardt;MF;Bundesliga;1.57;124.5;0.09;2.31;1.85;0.74
valere germain;FWMF;Ligue 1;2.62;49.5;0.0;1.85;1.23;0.15
morgan gibbs-white;FWMF;Premier League;2.07;129.3;0.21;3.88;1.4;2.8
niko gießelmann;DF;Bundesliga;1.62;245.0;0.19;3.81;2.0;1.05
samuel gigot;DF;Ligue 1;0.57;268.1;0.14;0.99;4.54;0.57
oscar gil;DF;La Liga;0.43;131.3;0.07;1.06;3.62;1.35
matthias ginter;DF;Bundesliga;0.5;367.3;0.05;0.85;2.5;0.15
andrei girotto;DFMF;Ligue 1;0.77;283.4;0.05;0.96;5.91;0.29
olivier giroud;FW;Serie A;3.6;37.6;0.27;2.2;0.53;0.53
serge gnabry;FWMF;Bundesliga;3.98;139.3;0.33;4.63;1.79;3.25
degnand gnonto;FWMF;Premier League;1.63;74.6;0.13;4.0;1.88;5.0
aleksandr golovin;MFFW;Ligue 1;2.06;149.9;0.34;4.91;3.66;2.11
andre gomes;MF;Ligue 1;1.18;326.6;0.0;2.71;3.18;2.0
angel gomes;MF;Ligue 1;1.51;216.3;0.16;3.12;1.94;1.83
joe gomez;DF;Premier League;0.24;461.2;0.0;1.22;3.41;0.41
moi gomez;MFFW;La Liga;0.6;219.7;0.11;3.9;1.21;1.26
papu gomez;MFFW;La Liga;2.16;244.5;0.14;4.19;1.22;2.03
sergi gomez;DF;La Liga;0.16;281.4;0.0;0.32;2.24;0.0
maxime gonalons;MF;Ligue 1;0.49;274.8;0.0;0.49;3.93;1.8
diego gonzalez;DF;La Liga;0.62;269.8;0.0;0.0;1.85;0.25
edgar gonzalez;DF;La Liga;0.39;274.4;0.0;0.47;2.44;0.16
giovanni gonzalez;DF;La Liga;0.69;168.6;0.34;1.38;2.59;2.24
joan gonzalez;MF;Serie A;0.79;99.0;0.17;1.74;2.64;2.13
nicolas gonzalez;MF;La Liga;1.36;251.7;0.0;1.82;2.73;2.58
oumar gonzalez;DF;Ligue 1;0.4;177.3;0.0;0.11;3.54;0.63
anthony gordon;MFFW;Premier League;2.21;54.33;0.0;2.06;2.98;3.59
leon goretzka;MF;Bundesliga;2.48;191.0;0.09;2.92;3.36;1.24
andoni gorosabel;DF;La Liga;0.73;269.8;0.0;1.59;3.17;0.85
mario gotze;MF;Bundesliga;0.96;156.7;0.06;3.26;1.97;2.3
amine gouiri;FWMF;Ligue 1;2.73;42.54;0.06;3.58;1.25;2.33
jeffrey gouweleeuw;DF;Bundesliga;0.55;282.6;0.0;1.2;3.33;0.49
jonathan gradit;DF;Ligue 1;0.19;420.4;0.13;1.46;2.87;1.02
andrew gravillon;DF;Serie A;0.69;217.25;0.0;0.77;3.19;1.03
demarai gray;FWMF;Premier League;1.93;88.7;0.05;3.48;1.39;3.05
jack grealish;FW;Premier League;1.64;104.3;0.26;4.57;1.55;4.57
michael gregoritsch;FW;Bundesliga;3.04;49.3;0.19;3.42;1.06;1.61
clement grenier;MF;La Liga;0.45;150.5;0.0;1.97;3.48;1.06
antoine griezmann;FWMF;La Liga;3.55;171.3;0.43;5.18;2.41;3.05
vincenzo grifo;FWMF;Bundesliga;2.17;201.5;0.21;5.45;1.05;2.38
christian groß;MF;Bundesliga;0.23;137.4;0.0;1.35;3.98;1.13
pascal groß;MFDF;Premier League;1.04;223.5;0.15;3.71;2.23;0.79
ilia gruev;MF;Bundesliga;0.19;181.1;0.0;1.5;3.83;0.47
carlos gruezo;MF;Bundesliga;0.19;123.3;0.0;1.12;2.9;0.65
andres guardado;MFFW;La Liga;0.39;254.7;0.0;2.08;3.77;0.39
sergi guardiola;FW;La Liga;2.52;30.5;0.0;1.78;2.24;1.49
nemanja gudelj;DFMF;La Liga;1.29;278.2;0.0;0.73;2.02;0.06
goncalo guedes;FWMF;Premier League;2.41;66.6;0.13;3.42;1.14;1.9
marc guehi;DF;Premier League;0.33;378.9;0.0;0.71;2.71;0.33
matteo guendouzi;MF;Ligue 1;1.3;221.4;0.19;2.53;2.47;1.48
raphael guerreiro;DF;Bundesliga;0.97;313.8;0.39;3.38;2.86;1.56
evann guessand;FWMF;Ligue 1;1.43;70.1;0.19;2.29;1.81;5.62
pape gueye;MF;La Liga;1.62;215.22;0.27;1.62;4.87;1.21
josuha guilavogui;MFDF;Bundesliga;0.52;206.4;0.0;1.55;2.76;0.34
hugo guillamon;MF;La Liga;0.16;242.9;0.31;3.39;1.97;0.24
bruno guimaraes;MF;Premier League;0.9;216.9;0.19;2.97;3.81;3.03
sehrou guirassy;FW;Ligue 1;2.68;38.44;0.0;2.41;0.19;1.36
gerard gumbau;MF;La Liga;1.0;202.9;0.21;3.0;2.57;0.64
robert gumny;DF;Bundesliga;0.35;180.7;0.07;1.33;2.94;0.63
ylkay gundoðan;MF;Premier League;2.23;180.3;0.14;4.1;2.37;1.65
christian gunter;DFMF;Bundesliga;1.07;192.4;0.1;3.21;1.63;0.36
koray gunter;DF;Serie A;0.81;285.8;0.0;1.17;3.6;0.36
gorka guruzeta;FWMF;La Liga;3.97;47.4;0.0;2.24;2.07;0.52
malo gusto;DF;Ligue 1;0.38;350.0;0.06;2.88;3.63;3.0
raul guti;MF;La Liga;0.94;97.2;0.0;1.06;2.47;0.94
miguel gutierrez;DF;La Liga;0.65;177.2;0.12;2.29;2.0;2.47
joko gvardiol;DF;Bundesliga;0.44;560.7;0.0;1.19;2.22;0.67
emmanuel gyasi;FWDF;Serie A;1.29;47.2;0.0;1.35;0.82;1.29
norbert gyomber;DF;Serie A;0.22;266.7;0.0;0.79;3.48;0.11
erling haaland;FW;Premier League;3.85;28.8;0.16;2.03;0.22;0.77
nicolas haas;MF;Serie A;0.65;104.8;0.0;1.72;2.9;0.54
janik haberer;MF;Bundesliga;1.58;74.7;0.07;2.52;1.65;1.08
alexander hack;DF;Bundesliga;0.25;387.3;0.0;0.91;4.3;0.08
amadou haidara;MF;Bundesliga;1.45;232.3;0.14;2.03;2.75;0.29
massadio haidara;DFMF;Ligue 1;0.42;272.9;0.0;1.02;3.98;1.19
achraf hakimi;DFMF;Ligue 1;0.83;197.6;0.18;3.45;2.92;2.98
marcel halstenberg;DF;Bundesliga;0.46;309.4;0.09;1.65;3.39;0.64
romain hamouma;FWMF;Ligue 1;1.59;120.7;0.14;3.33;0.72;3.33
genki haraguchi;MF;Bundesliga;1.07;94.27;0.0;3.87;2.54;0.8
amine harit;MFFW;Ligue 1;1.05;170.0;0.0;5.26;1.75;6.32
jack harrison;FWMF;Premier League;1.22;135.4;0.27;4.26;1.96;3.99
hans hateboer;DF;Serie A;0.77;184.1;0.06;1.42;2.13;0.58
kai havertz;FWMF;Premier League;2.32;58.6;0.06;1.98;1.81;1.81
jonas hector;DF;Bundesliga;0.73;272.9;0.06;2.38;4.21;1.95
hwang hee-chan;FW;Premier League;0.78;54.3;0.13;2.21;1.43;2.08
gauthier hein;MFFW;Ligue 1;1.55;130.5;0.0;3.09;2.16;1.75
jordan henderson;MF;Premier League;1.18;277.5;0.0;3.04;2.25;0.69
liam henderson;MF;Serie A;0.92;176.8;0.13;3.42;1.97;0.66
benjamin henrichs;DFMF;Bundesliga;1.22;245.0;0.07;2.11;4.83;1.02
luiz henrique;FW;La Liga;2.33;39.8;0.08;2.33;3.1;5.97
matheus henrique;MF;Serie A;1.18;177.8;0.0;3.55;2.37;2.24
rico henry;DF;Premier League;0.48;113.3;0.1;1.05;2.44;1.24
thomas henry;FW;Serie A;1.58;38.3;0.0;1.93;0.44;1.23
christophe herelle;DF;Ligue 1;0.1;195.8;0.0;0.4;2.73;0.2
mario hermoso;DF;La Liga;1.19;402.4;0.0;1.36;1.02;0.17
aridane hernandez;DF;La Liga;0.0;252.9;0.0;0.54;2.68;0.18
luis hernandez;DF;La Liga;0.26;275.0;0.0;1.16;1.58;0.16
theo hernandez;DF;Serie A;1.91;232.1;0.16;3.01;2.35;2.57
yangel herrera;MFFW;La Liga;2.21;119.0;0.23;2.21;2.79;1.51
son heung-min;MFFW;Premier League;2.66;78.9;0.16;3.59;1.2;2.5
aaron hickey;DF;Premier League;0.49;134.3;0.0;0.85;3.66;3.05
isak hien;DF;Serie A;0.06;250.8;0.0;0.82;3.92;0.95
piero hincapie;DF;Bundesliga;0.68;281.5;0.0;0.62;2.84;0.99
morten hjulmand;MF;Serie A;0.42;175.2;0.21;1.79;4.95;0.42
adam hlo?ek;FWMF;Bundesliga;2.35;81.1;0.31;3.37;1.22;1.53
nicolas hofler;MF;Bundesliga;0.6;172.7;0.05;1.25;3.75;0.71
jonas hofmann;FW;Bundesliga;1.41;191.2;0.32;5.06;1.54;1.03
philipp hofmann;FW;Bundesliga;1.73;46.2;0.06;1.98;0.74;0.62
emil holm;DF;Serie A;0.97;111.5;0.06;2.32;2.19;2.71
gerrit holtmann;FW;Bundesliga;2.72;52.9;0.11;1.85;1.52;3.7
martin hongla;MF;Serie A;0.74;176.79;0.0;1.79;2.08;2.08
franck honorat;FWMF;Ligue 1;1.56;126.5;0.16;4.38;2.4;2.24
cedric hountondji;DF;Ligue 1;0.32;252.7;0.0;0.32;2.47;0.09
timo hubers;DF;Bundesliga;0.21;368.5;0.0;0.49;3.75;0.14
callum hudson-odoi;FWMF;Bundesliga;0.33;117.0;0.16;4.1;1.15;3.77
mats hummels;DF;Bundesliga;0.86;434.8;0.0;1.48;4.06;0.39
adrien hunou;FWMF;Ligue 1;1.92;79.7;0.06;1.86;1.86;1.36
denis huseinbasic;MFFW;Bundesliga;1.93;88.8;0.18;1.58;3.33;1.58
elseid hysaj;DF;Serie A;0.11;342.6;0.11;1.8;3.37;0.9
pierre højbjerg;MF;Premier League;1.06;282.4;0.14;2.94;3.12;1.01
rasmus højlund;FW;Serie A;2.83;31.1;0.09;3.11;0.28;3.4
iago;DFMF;Bundesliga;0.58;250.2;0.08;2.31;2.48;1.57
roger ibanez;DF;Serie A;0.81;320.3;0.0;0.9;4.38;0.57
mounaim el idrissy;FW;Ligue 1;2.2;40.7;0.0;1.75;1.53;1.02
iglesias;DF;La Liga;0.87;202.0;0.0;1.8;3.47;1.2
borja iglesias;FW;La Liga;2.38;22.2;0.18;1.59;0.55;1.28
igor;DF;Serie A;0.32;379.4;0.0;1.03;3.02;0.32
jonathan ikone;FW;Serie A;2.31;72.0;0.15;2.46;0.85;3.23
ivan ili?;MF;Serie A;0.95;150.7;0.11;2.84;2.53;1.68
asier illarramendi;MF;La Liga;1.43;155.2;0.0;1.79;5.0;0.36
ciro immobile;FW;Serie A;3.03;36.9;0.23;2.95;0.53;1.59
danny ings;FW;Premier League;2.76;37.96;0.0;1.74;1.33;1.84
marcus ingvartsen;FWMF;Bundesliga;2.71;41.4;0.0;1.43;0.57;2.29
bonke innocent;MF;Ligue 1;0.2;133.5;0.1;1.37;4.22;0.69
alexander isak;FW;Premier League;2.37;38.14;0.0;1.86;1.02;3.22
isco;MFFW;La Liga;0.45;150.2;0.22;3.6;2.81;3.26
ismaily;DF;Ligue 1;0.75;228.8;0.06;2.3;3.42;1.68
ardian ismajli;DF;Serie A;0.49;224.0;0.0;0.35;3.06;0.07
ko itakura;DF;Bundesliga;0.7;430.8;0.23;1.16;2.33;0.35
hiroki ito;DF;Bundesliga;0.71;463.7;0.06;1.94;2.71;0.35
junya ito;FW;Ligue 1;1.49;115.1;0.06;3.69;1.67;4.11
alex iwobi;MF;Premier League;0.91;164.4;0.24;2.5;2.6;1.92
armando izzo;DF;Serie A;0.49;296.9;0.0;1.14;5.28;0.73
nicolas jackson;FW;La Liga;1.82;45.5;0.23;2.16;1.02;1.48
lee jae-sung;MF;Bundesliga;1.45;103.5;0.08;2.66;2.66;1.69
paul jaeckel;DF;Bundesliga;0.2;265.8;0.0;0.91;3.13;0.4
kristijan jaki?;DFMF;Bundesliga;0.57;303.3;0.0;1.38;2.68;0.98
ismail jakobs;DFMF;Ligue 1;1.0;202.8;0.33;2.67;1.33;0.83
daniel james;FW;Premier League;2.1;45.16;0.0;1.94;2.1;2.1
reece james;DFMF;Premier League;1.19;284.3;0.12;2.98;3.21;1.9
vitaly janelt;MFDF;Premier League;0.51;154.8;0.06;2.09;3.8;1.14
saidy janko;DF;Bundesliga;0.14;128.2;0.0;0.28;2.78;2.36
pontus jansson;DF;Premier League;0.18;212.6;0.0;0.18;1.93;0.35
luis javier suarez;FW;La Liga;3.76;60.19;0.14;3.04;1.74;2.04
julian jeanvier;DF;Ligue 1;0.58;257.3;0.0;0.51;3.04;0.14
fredrik jensen;FWMF;Bundesliga;1.06;110.5;0.12;2.24;1.65;0.94
mathias jensen;MF;Premier League;0.75;253.3;0.22;3.17;3.6;1.88
gabriel jesus;FW;Premier League;3.7;79.1;0.37;4.22;2.0;4.89
juan jesus;DF;Serie A;0.6;352.1;0.0;1.19;2.24;0.0
joelinton;MFFW;Premier League;1.65;141.5;0.05;2.82;4.1;3.62
ben johnson;DF;Premier League;0.0;262.3;0.0;1.29;3.06;1.77
brennan johnson;FW;Premier League;1.6;28.1;0.1;1.75;1.0;2.4
paul joly;DF;Ligue 1;0.73;351.3;0.0;1.88;5.94;2.92
frenkie de jong;MF;La Liga;0.9;340.1;0.07;3.93;3.24;2.07
joan jordan;MF;La Liga;0.77;275.6;0.08;1.77;2.85;0.62
jorginho;MF;Premier League;0.27;247.27;0.0;1.99;4.39;0.74
joselu;FW;La Liga;2.42;48.6;0.11;2.11;0.37;0.79
luka jovi?;FWMF;Serie A;2.95;32.7;0.0;2.5;0.71;0.8
juanmi;FW;La Liga;1.48;52.1;0.0;2.46;1.64;3.44
juanpe;DF;La Liga;0.26;392.9;0.0;1.28;1.54;0.13
jubal;DF;Ligue 1;0.41;221.7;0.05;0.36;2.59;0.1
christopher jullien;DF;Ligue 1;0.57;231.4;0.06;0.69;2.89;0.0
anthony jung;DFFW;Bundesliga;0.76;192.1;0.12;1.4;2.44;0.7
hamed junior traore;FW;Premier League;1.08;129.58;0.36;3.86;2.17;2.64
vinicius junior;FW;La Liga;2.51;67.4;0.15;4.51;1.64;8.1
james justin;DF;Premier League;0.36;220.4;0.0;1.51;2.52;1.37
mathias jørgensen;DF;Premier League;0.36;237.3;0.0;0.36;3.37;0.12
ozan kabak;DF;Bundesliga;1.16;264.0;0.12;0.81;3.87;0.98
issa kabore;DF;Ligue 1;0.95;183.8;0.0;3.02;3.65;3.65
pavel kade?abek;DFFW;Bundesliga;0.45;228.3;0.0;2.13;2.02;0.56
florian kainz;MFFW;Bundesliga;2.07;231.0;0.34;4.0;2.07;3.66
arnaud kalimuendo;FW;Ligue 1;1.94;39.3;0.09;1.67;0.74;2.04
yayah kallon;MFFW;Serie A;1.45;60.1;0.14;3.91;2.46;3.04
felix kalu nmecha;MF;Bundesliga;1.98;104.0;0.31;2.4;2.81;1.67
gedeon kalulu;DF;Ligue 1;0.32;259.4;0.16;1.58;3.58;1.53
pierre kalulu;DF;Serie A;0.54;339.8;0.0;0.7;3.39;0.43
daichi kamada;MFFW;Bundesliga;1.43;211.4;0.3;3.46;2.93;1.58
boubacar kamara;MF;Premier League;0.3;221.4;0.08;1.43;4.06;1.5
jakub kami?ski;FWMF;Bundesliga;1.51;85.7;0.16;2.86;1.98;2.78
kevin kampl;MF;Bundesliga;0.49;255.3;0.12;2.59;3.21;0.37
harry kane;FW;Premier League;3.55;109.8;0.04;3.68;0.35;2.72
wilfried kanga;FW;Bundesliga;1.77;16.6;0.0;2.38;0.38;1.23
lee kangin;MFFW;La Liga;1.42;124.9;0.18;3.43;1.42;2.6
atakan karazor;MF;Bundesliga;0.19;232.4;0.0;1.55;4.85;1.07
rick karsdorp;DF;Serie A;0.16;189.5;0.0;2.13;3.93;0.98
silas katompa;FWDF;Bundesliga;1.8;56.7;0.15;3.08;1.58;4.44
moise kean;FW;Serie A;3.7;34.3;0.0;3.33;1.48;3.33
neeskens kebano;FW;Premier League;1.14;60.3;0.38;2.66;1.65;3.54
thilo kehrer;DF;Premier League;0.42;247.2;0.0;0.91;2.91;0.48
lloyd kelly;DF;Premier League;0.2;340.3;0.2;0.4;2.5;0.1
marc-oliver kempf;DF;Bundesliga;0.38;285.1;0.0;0.82;3.42;0.38
jonjoe kenny;DF;Bundesliga;0.34;331.1;0.06;1.89;3.94;0.8
saif-eddine khaoui;MFFW;Ligue 1;1.71;124.6;0.19;2.97;3.35;2.15
wahbi khazri;FWMF;Ligue 1;1.98;99.9;0.1;2.29;1.98;3.44
rani khedira;MF;Bundesliga;0.81;92.6;0.0;0.97;3.41;0.16
kike;FW;La Liga;3.77;19.7;0.0;2.79;0.49;1.31
luca kilian;DF;Bundesliga;0.33;267.8;0.0;0.66;2.62;0.33
max kilman;DF;Premier League;0.36;339.6;0.0;0.59;1.77;0.45
joshua kimmich;MF;Bundesliga;1.18;462.5;0.22;5.0;3.99;0.9
presnel kimpembe;DF;Ligue 1;0.43;392.8;0.0;0.29;3.48;0.43
jakub kiwior;DF;Serie A;0.63;260.3;0.0;0.94;2.88;0.44
simon kjær;DF;Serie A;0.0;378.5;0.0;0.54;2.03;0.0
justin kluivert;FWMF;La Liga;2.31;62.9;0.0;4.1;2.18;2.56
ansgar knauff;DF;Bundesliga;1.16;194.6;0.0;1.47;3.16;4.63
robin knoche;DF;Bundesliga;0.26;359.5;0.0;0.58;2.32;0.21
robin koch;DF;Premier League;0.31;323.8;0.0;0.31;3.08;0.0
dominik kohr;MF;Bundesliga;1.4;193.7;0.0;2.04;3.69;0.57
koke;MF;La Liga;0.48;237.5;0.16;2.32;2.72;0.72
sead kolainac;DF;Ligue 1;0.84;193.0;0.08;1.26;4.45;0.59
randal kolo muani;FW;Bundesliga;2.31;40.5;0.63;3.88;0.69;4.81
geoffrey kondogbia;MF;La Liga;1.03;236.7;0.19;1.12;5.7;0.65
ibrahima kone;FW;Ligue 1;1.25;52.8;0.14;2.22;1.11;1.25
kouadio kone;MF;Bundesliga;0.98;196.1;0.06;2.43;3.29;3.53
youssouf kone;DF;Ligue 1;0.17;220.2;0.0;0.52;4.83;1.21
ezri konsa;DF;Premier League;0.2;277.2;0.0;0.35;2.21;0.4
teun koopmeiners;MF;Serie A;1.81;307.2;0.15;3.87;2.21;1.52
odilon kossonou;DF;Bundesliga;0.14;278.4;0.14;1.08;1.89;0.81
filip kosti?;DFFW;Serie A;1.33;171.93;0.29;3.17;2.2;1.44
christian kouame;FW;Serie A;2.2;83.1;0.13;4.13;1.87;3.53
rominigue kouame;MF;Ligue 1;0.9;193.1;0.05;2.28;3.17;2.38
kalidou koulibaly;DF;Premier League;0.73;446.0;0.0;1.29;3.47;0.48
jules kounde;DF;La Liga;0.52;390.0;0.17;1.57;2.09;0.78
cheikhou kouyate;MFDF;Premier League;0.64;90.4;0.0;0.9;3.21;1.15
mateo kova?i?;MF;Premier League;1.29;291.3;0.11;3.01;3.23;0.97
alex kral;MF;Bundesliga;1.23;127.5;0.0;2.05;2.79;1.07
andrej kramari?;MFFW;Bundesliga;2.17;92.2;0.2;3.42;0.33;1.91
christoph kramer;MF;Bundesliga;0.31;174.9;0.0;1.79;2.04;2.41
tom krauß;MF;Bundesliga;0.93;106.1;0.0;1.59;5.88;1.21
toni kroos;MF;La Liga;1.26;626.8;0.15;4.67;3.11;0.81
rade kruni?;MFFW;Serie A;0.75;135.1;0.13;2.13;3.5;1.0
lukas kubler;DF;Bundesliga;0.58;152.9;0.0;0.58;3.72;0.7
takefusa kubo;FWMF;La Liga;2.52;77.1;0.14;3.24;1.87;3.17
dejan kulusevski;MFFW;Premier League;1.67;91.2;0.4;4.13;1.9;4.92
khvicha kvaratskhelia;FW;Serie A;3.43;63.7;0.66;5.11;1.82;6.86
grejohn kyei;FW;Ligue 1;2.17;28.1;0.17;1.42;0.83;3.17
daniel kyereh;MFFW;Bundesliga;1.77;46.0;0.0;1.61;1.29;1.77
giorgos kyriakopoulos;FW;Serie A;1.51;251.28;0.12;3.03;3.72;3.61
cesar de la hoz;MF;La Liga;0.42;180.5;0.0;1.16;2.63;0.63
gaetan laborde;FW;Ligue 1;2.51;46.12;0.05;2.4;1.42;1.64
alexandre lacazette;FW;Ligue 1;2.85;82.2;0.19;3.64;2.1;2.24
maxence lacroix;DF;Bundesliga;0.27;424.2;0.0;0.54;2.43;0.27
konrad laimer;MF;Bundesliga;1.07;142.7;0.0;2.8;4.27;2.8
adam lallana;MFFW;Premier League;1.0;82.0;0.13;2.75;1.38;0.75
vassilis lambropoulos;DF;Bundesliga;0.95;191.3;0.0;0.63;2.86;0.16
erik lamela;FWMF;La Liga;2.15;78.4;0.0;4.0;2.0;3.56
sam lammers;FW;Serie A;2.52;44.2;0.13;2.51;2.05;2.12
julien laporte;DF;Ligue 1;0.35;265.0;0.0;0.53;2.28;0.06
yasser larouci;DFFW;Ligue 1;0.55;169.2;0.0;1.8;2.34;4.14
kevin lasagna;FWMF;Serie A;3.15;32.8;0.16;2.18;0.97;2.18
toni lato;MFDF;La Liga;1.15;189.8;0.0;3.93;2.3;0.98
armand lauriente;FW;Serie A;3.01;118.3;0.18;4.88;1.56;4.94
romeo lavia;MF;Premier League;0.51;159.3;0.0;1.31;4.04;1.92
valentino lazaro;DF;Serie A;0.59;271.9;0.17;3.56;1.02;2.2
darko lazovi?;DFMF;Serie A;1.7;149.7;0.2;2.24;1.84;2.11
manuel lazzari;DF;Serie A;0.22;242.4;0.0;1.41;2.89;1.48
theo le bris;MFDF;Ligue 1;0.85;115.8;0.09;1.13;3.02;2.36
jeremy le douaron;FWMF;Ligue 1;2.83;20.3;0.09;1.89;1.23;2.64
enzo le fee;MF;Ligue 1;1.36;282.0;0.23;4.02;4.39;4.02
vincent le goff;DF;Ligue 1;0.45;288.8;0.0;1.18;3.32;1.0
maxime le marchand;DF;Ligue 1;0.42;379.3;0.0;0.9;4.03;0.63
robin le normand;DF;La Liga;0.2;287.5;0.0;0.6;2.25;0.13
rafael leao;FWMF;Serie A;3.55;115.4;0.3;4.14;0.59;4.85
pierre lees-melou;MF;Ligue 1;1.59;269.8;0.06;1.72;4.65;1.02
diogo leite;DF;Bundesliga;0.43;342.3;0.06;0.93;2.59;0.06
maxim leitsch;DF;Bundesliga;0.27;228.0;0.0;0.68;3.65;0.14
florian lejeune;DF;La Liga;1.52;336.6;0.0;0.61;1.7;0.3
inigo lekue;DF;La Liga;0.7;245.6;0.08;1.88;2.5;1.48
thomas lemar;MF;La Liga;0.81;210.4;0.27;3.24;2.43;2.97
mario lemina;MF;Premier League;0.62;266.71;0.0;1.23;4.29;1.67
clement lenglet;DF;Premier League;0.67;438.1;0.19;1.06;2.6;0.38
christopher lenz;DF;Bundesliga;1.03;278.5;0.29;2.65;3.82;0.74
sergio leon;FW;La Liga;1.88;19.2;0.1;1.58;0.4;1.39
johann lepenant;MF;Ligue 1;1.13;222.0;0.08;1.65;4.29;2.78
mehdi leris;MFDF;Serie A;0.99;125.9;0.07;1.59;3.51;2.19
jefferson lerma;MFDF;Premier League;0.73;197.1;0.0;1.28;2.56;0.73
leo leroy;MF;Ligue 1;1.27;150.0;0.0;2.28;5.7;2.28
robert lewandowski;FW;La Liga;4.32;53.4;0.27;3.45;0.61;1.96
dimitri lienard;DFMF;Ligue 1;1.03;243.0;0.0;2.71;3.18;0.93
philipp lienhart;DF;Bundesliga;0.52;326.3;0.0;0.73;2.28;0.16
matthijs de ligt;DF;Bundesliga;0.67;494.0;0.0;0.89;1.93;0.07
jesper lindstrøm;MFFW;Bundesliga;2.54;63.8;0.15;3.28;1.79;3.96
karol linetty;MF;Serie A;0.8;141.5;0.0;1.96;2.97;0.94
jesse lingard;FWMF;Premier League;1.04;89.8;0.0;2.5;0.73;0.94
pol lirola;DF;La Liga;0.16;189.5;0.0;2.95;2.95;2.62
dejan ljubicic;MF;Bundesliga;2.12;105.4;0.0;3.53;2.35;1.65
diego llorente;DF;Premier League;0.83;316.71;0.0;0.83;3.88;0.42
marcos llorente;MFDF;La Liga;1.06;137.1;0.0;3.19;2.92;1.33
giovani lo celso;MFFW;La Liga;2.24;160.3;0.0;2.59;4.48;2.59
stanislav lobotka;MF;Serie A;0.26;261.3;0.05;2.22;2.94;0.72
manuel locatelli;MF;Serie A;1.03;256.3;0.0;2.05;3.33;0.96
luka lochoshvili;DF;Serie A;0.32;212.9;0.08;0.95;3.57;0.48
banzouzi locko;DF;Ligue 1;0.42;195.8;0.0;1.78;4.41;3.05
renan lodi;DF;Premier League;0.74;169.3;0.0;1.56;3.52;1.56
ruben loftus-cheek;MFDF;Premier League;0.78;176.0;0.0;1.91;2.26;3.22
sean longstaff;MF;Premier League;1.07;162.6;0.16;2.35;2.09;1.02
ademola lookman;FWMF;Serie A;2.64;108.2;0.28;4.65;0.76;3.33
rony lopes;MFFW;Ligue 1;2.68;126.3;0.36;4.35;0.8;3.62
david lopez;DF;La Liga;0.77;340.7;0.1;0.67;1.92;0.29
maxime lopez;MF;Serie A;0.48;333.6;0.0;2.66;2.82;1.21
unai lopez;MF;La Liga;1.82;260.7;0.23;3.07;3.52;1.59
dion lopy;MF;Ligue 1;0.74;170.9;0.0;2.59;4.2;2.1
anthony losilla;MF;Bundesliga;0.66;124.1;0.1;1.42;3.71;0.61
jordan lotomba;DFMF;Ligue 1;0.38;220.0;0.05;1.7;3.41;2.36
sandi lovri?;MF;Serie A;3.1;158.0;0.09;3.53;2.76;1.64
anthony lozano;FW;La Liga;1.73;33.9;0.0;1.73;0.47;2.83
hirving lozano;FW;Serie A;2.75;93.1;0.28;3.39;1.38;3.58
jhon lucumi;DF;Serie A;0.35;301.6;0.06;0.7;3.37;0.12
jose luis gaya;DF;La Liga;0.79;298.1;0.12;3.64;3.39;0.79
jose luis morales;FWMF;La Liga;2.58;36.5;0.0;2.27;0.76;4.24
douglas luiz;MF;Premier League;1.07;208.6;0.25;3.21;3.71;1.38
castello lukeba;DF;Ligue 1;0.27;454.6;0.0;0.66;2.47;0.22
dodi lukebakio;FWMF;Bundesliga;2.36;57.7;0.06;2.91;1.21;5.09
saa luki?;MF;Premier League;1.13;181.05;0.0;3.31;2.56;0.53
sebastiano luperto;DF;Serie A;0.32;282.3;0.0;0.58;2.05;0.11
lyanco;DF;Premier League;1.04;212.9;0.0;0.78;3.51;0.91
charalambos lykogiannis;DF;Serie A;1.62;268.0;0.0;2.32;2.53;1.01
youssouf m'changama;MF;Ligue 1;1.59;176.4;0.0;3.33;3.04;2.46
alexis mac allister;MF;Premier League;2.03;202.4;0.0;2.5;3.95;1.4
deiver machado;DFMF;Ligue 1;0.65;113.9;0.07;1.57;3.27;1.76
james maddison;MFFW;Premier League;3.19;169.6;0.35;4.61;2.48;2.41
pablo maffeo;DF;La Liga;0.58;193.4;0.12;1.73;2.89;2.54
giulio maggiore;MF;Serie A;0.55;176.4;0.0;1.92;3.01;0.14
hugo magnetti;MF;Ligue 1;1.04;158.5;0.09;2.08;4.34;1.51
yohann magnin;MFDF;Ligue 1;0.54;202.9;0.0;2.05;4.27;1.19
riyad mahrez;FWMF;Premier League;2.4;155.0;0.3;5.7;1.5;3.2
arne maier;MF;Bundesliga;1.36;126.2;0.0;2.43;2.04;1.46
linton maina;FWMF;Bundesliga;1.89;67.0;0.41;3.03;1.23;1.97
ainsley maitland-niles;MFDF;Premier League;0.0;192.0;0.0;1.71;4.0;0.57
lovro majer;MFFW;Ligue 1;1.8;189.0;0.22;3.82;3.6;2.7
jean-victor makengo;MF;Serie A;0.78;110.85;0.09;1.55;2.82;1.55
nemanja maksimovi?;MF;La Liga;0.51;48.6;0.0;0.63;2.91;0.25
tyrell malacia;DF;Premier League;0.32;172.0;0.0;0.43;4.26;1.06
donyell malen;FW;Bundesliga;2.64;83.2;0.11;3.74;0.99;3.63
ruslan malinovskyi;MFFW;Serie A;3.23;214.83;0.2;4.89;2.55;3.04
hugo mallo;DF;La Liga;0.9;277.4;0.0;2.01;2.76;0.9
gianluca mancini;DF;Serie A;0.64;296.3;0.05;1.19;3.17;0.4
reinildo mandava;DF;La Liga;0.33;256.3;0.0;1.14;4.24;1.09
rolando mandragora;MF;Serie A;2.16;233.0;0.1;4.02;3.04;0.59
sadio mane;FW;Bundesliga;3.86;86.4;0.3;4.36;0.5;3.66
orel mangala;MF;Premier League;0.78;116.0;0.0;1.17;2.99;2.6
thomas mangani;MF;Ligue 1;0.61;337.4;0.1;3.64;4.04;0.51
faitout maouassa;DFFW;Ligue 1;1.14;159.7;0.3;2.2;3.41;2.42
solly march;FWDF;Premier League;2.34;129.3;0.2;3.93;2.39;3.28
vincent marchetti;MF;Ligue 1;1.41;170.1;0.05;2.07;2.99;3.04
gian marco ferrari;DF;Serie A;0.29;303.8;0.0;0.71;2.0;0.12
oscar de marcos;DF;La Liga;0.06;296.8;0.22;2.78;2.78;0.83
pablo mari;DF;Serie A;0.4;348.9;0.0;0.32;2.54;0.08
jose maria gimenez;DF;La Liga;1.25;295.7;0.0;0.8;2.95;0.09
r?zvan marin;MF;Serie A;1.26;280.2;0.12;3.17;2.69;1.2
guillermo maripan;DF;Ligue 1;0.73;296.4;0.0;0.42;3.58;0.36
marlon;DF;Serie A;0.25;340.7;0.0;0.34;2.97;0.17
omar marmoush;FW;Bundesliga;2.95;70.6;0.0;2.61;1.7;6.7
marquinhos;DF;Ligue 1;0.59;431.5;0.0;0.54;1.72;0.0
eric martel;MF;Bundesliga;1.05;119.9;0.0;1.23;4.21;0.61
roger marti;FW;La Liga;0.78;43.87;0.11;1.66;1.0;1.0
aaron martin;DF;Bundesliga;0.82;252.3;0.13;2.91;2.78;1.01
ivan martin;MFFW;La Liga;1.29;72.6;0.0;2.1;0.65;2.42
martinelli;FW;Premier League;2.71;91.5;0.1;4.32;1.25;4.27
arnau martinez;DF;La Liga;1.0;216.6;0.07;2.53;3.07;1.73
inigo martinez;DF;La Liga;0.78;369.2;0.0;1.0;2.44;0.0
lautaro martinez;FW;Serie A;3.92;59.8;0.16;3.12;1.18;2.58
lisandro martinez;DF;Premier League;0.23;346.5;0.0;0.86;3.51;0.52
lucas martinez quarta;DF;Serie A;1.22;477.5;0.08;0.99;5.8;0.46
adam marui?;DF;Serie A;0.52;317.2;0.05;1.13;2.44;0.47
omar mascarell;MF;La Liga;0.29;190.5;0.0;1.28;2.79;0.93
erhan maovi?;DFMF;Bundesliga;0.35;213.3;0.0;0.96;3.04;0.17
eliot matazo;MFFW;Ligue 1;0.17;121.2;0.0;0.5;1.67;1.0
jean-philippe mateta;FW;Premier League;3.16;21.2;0.0;1.05;1.05;0.88
nemanja mati?;MF;Serie A;0.59;263.0;0.07;2.06;3.82;1.03
joel matip;DF;Premier League;0.0;354.6;0.0;1.27;2.96;0.85
henning matriciani;DF;Bundesliga;0.1;211.5;0.0;0.31;3.4;0.52
azor matusiwa;MF;Ligue 1;0.34;283.4;0.0;2.09;4.86;0.74
neal maupay;FW;Premier League;2.03;18.7;0.0;1.14;1.01;1.14
stephy mavididi;FW;Ligue 1;2.05;40.8;0.11;1.82;1.93;3.98
konstantinos mavropanos;DF;Bundesliga;1.84;382.8;0.06;1.39;4.68;1.71
eric maxim choupo-moting;FW;Bundesliga;2.47;67.2;0.22;3.55;0.86;2.04
fernand mayembo;DF;Ligue 1;0.67;170.0;0.0;0.33;1.67;0.17
borja mayoral;FW;La Liga;1.56;48.6;0.0;2.0;0.5;2.28
noussair mazraoui;DF;Bundesliga;0.65;318.4;0.48;2.1;3.71;1.77
pasquale mazzocchi;DF;Serie A;0.83;178.5;0.15;3.68;1.95;3.83
kylian mbappe;FW;Ligue 1;4.42;100.6;0.12;4.11;0.49;6.63
mamadou mbaye;DF;La Liga;0.17;186.0;0.0;0.67;1.5;0.5
chancel mbemba;DF;Ligue 1;0.75;275.4;0.0;1.17;2.66;0.7
bryan mbeumo;FW;Premier League;1.96;85.3;0.11;2.55;0.82;2.07
john mcginn;MF;Premier League;1.54;193.8;0.07;2.43;3.68;1.62
scott mckenna;DF;Premier League;0.12;256.4;0.0;0.56;1.42;0.43
weston mckennie;MF;Premier League;0.61;125.45;0.08;1.37;2.37;0.61
dwight mcneil;FWDF;Premier League;1.19;122.7;0.18;3.67;3.49;3.49
scott mctominay;MF;Premier League;0.83;112.5;0.0;1.43;3.33;1.67
gary medel;MFDF;Serie A;0.14;361.1;0.07;1.35;3.12;0.28
facundo medina;DF;Ligue 1;0.42;492.8;0.11;1.48;2.01;1.27
ben mee;DF;Premier League;0.74;288.5;0.0;0.54;2.4;0.1
soualiho meite;MF;Serie A;0.79;139.9;0.08;1.81;2.83;2.13
gonzalo melero;MF;La Liga;1.17;129.6;0.25;2.83;1.83;1.5
birger meling;DF;Ligue 1;0.0;264.6;0.0;1.02;3.56;1.53
houboulang mendes;DF;La Liga;0.13;159.7;0.13;1.17;2.21;1.95
nuno mendes;DFMF;Ligue 1;0.5;194.1;0.4;2.6;3.4;3.6
thiago mendes;DFMF;Ligue 1;0.61;448.2;0.06;1.27;4.55;0.36
brais mendez;MF;La Liga;2.36;163.7;0.19;3.48;2.92;1.8
batista mendy;MFDF;Ligue 1;0.33;233.4;0.0;1.17;3.0;1.22
ferland mendy;DF;La Liga;0.08;180.2;0.08;2.16;2.4;2.0
gideon mensah;DF;Ligue 1;0.16;306.1;0.0;1.94;4.81;2.4
chris mepham;DF;Premier League;0.35;239.2;0.0;0.29;2.37;0.06
mikel merino;MF;La Liga;1.68;224.7;0.49;3.22;3.92;0.91
quentin merlin;DF;Ligue 1;0.85;339.4;0.07;2.98;2.84;1.91
roque mesa;MF;La Liga;1.43;244.7;0.08;2.44;2.27;1.51
lionel messi;MFFW;Ligue 1;4.57;299.4;0.57;6.46;0.97;6.29
junior messias;FWDF;Serie A;1.73;76.6;0.2;3.27;1.63;3.27
thomas meunier;DF;Bundesliga;0.63;327.9;0.0;2.7;3.81;1.59
nikola milenkovi?;DF;Serie A;0.84;286.3;0.07;1.33;2.66;0.0
arkadiusz milik;FW;Serie A;2.42;43.61;0.08;1.61;0.65;0.89
sergej milinkovi?-savi?;MF;Serie A;1.7;202.4;0.41;2.73;3.2;2.22
eder militao;DF;La Liga;0.89;300.9;0.0;0.67;2.96;0.89
luis milla;MF;La Liga;0.31;253.3;0.0;2.4;3.8;0.54
pere milla;FWMF;La Liga;1.57;104.9;0.07;2.24;2.24;2.01
james milner;DFMF;Premier League;0.98;348.0;0.16;4.43;3.28;2.62
kim min-jae;DF;Serie A;0.26;489.4;0.0;1.28;2.82;0.21
tyrone mings;DF;Premier League;0.05;328.1;0.05;0.79;2.11;0.26
oscar mingueza;DF;La Liga;0.28;354.0;0.0;1.5;3.36;1.31
rafa mir;FW;La Liga;3.76;22.2;0.0;1.29;0.94;0.94
aleksei miranchuk;MF;Serie A;1.86;110.9;0.16;3.64;0.47;1.78
fabio miretti;MFFW;Serie A;1.85;116.7;0.11;3.7;2.07;2.93
tyrick mitchell;DF;Premier League;0.19;282.0;0.12;1.05;3.21;1.05
kaoru mitoma;FWDF;Premier League;1.84;107.5;0.1;3.69;2.52;4.47
aleksandar mitrovi?;FW;Premier League;4.2;44.3;0.06;2.93;0.83;2.15
stefan mitrovi?;DF;La Liga;0.09;239.3;0.0;0.09;1.29;0.0
maximilian mittelstadt;DF;Bundesliga;0.68;264.9;0.0;2.71;6.61;3.9
henrikh mkhitaryan;MF;Serie A;1.02;154.5;0.08;3.2;2.73;1.17
anthony modeste;FW;Bundesliga;2.53;18.9;0.12;1.33;0.72;0.48
luka modri?;MF;La Liga;1.68;312.2;0.16;4.24;1.44;2.0
terem moffi;FW;Ligue 1;1.97;31.59;0.0;1.8;0.64;2.5
mostafa mohamed;FW;Ligue 1;2.54;26.8;0.15;1.79;1.04;1.27
tobias mohr;DFMF;Bundesliga;1.15;325.9;0.26;2.69;1.92;0.64
johan mojica;DF;La Liga;0.5;205.91;0.0;1.73;2.97;2.35
nahuel molina;DF;La Liga;0.59;268.9;0.07;3.27;2.55;1.37
florent mollet;MFFW;Ligue 1;2.06;117.44;0.0;3.5;1.27;1.11
jon moncayola;MFFW;La Liga;1.76;254.3;0.0;2.21;2.13;0.07
monchu;MF;La Liga;1.26;197.2;0.09;2.61;3.6;0.81
gonzalo montiel;DF;La Liga;0.45;236.5;0.11;2.36;2.58;1.46
kieffer moore;FW;Premier League;1.37;37.0;0.0;1.29;1.13;0.89
alvaro morata;FW;La Liga;3.02;26.7;0.08;2.33;0.93;1.55
alberto moreno;DFFW;La Liga;1.04;183.3;0.0;1.94;3.28;1.34
alex moreno;DF;Premier League;1.09;230.49;0.17;1.43;2.82;2.82
gerard moreno;FW;La Liga;2.75;93.2;0.2;3.04;0.98;3.14
tete morente;MFDF;La Liga;1.35;98.2;0.0;1.91;1.8;2.47
ilaix moriba;MF;La Liga;2.06;150.3;0.16;3.02;3.33;3.17
dany mota;FWMF;Serie A;1.35;34.1;0.0;2.7;0.63;2.79
youssoufa moukoko;FW;Bundesliga;2.76;24.1;0.29;1.81;1.24;3.14
steve mounie;FW;Ligue 1;4.04;34.6;0.0;2.11;1.23;1.23
mason mount;MFFW;Premier League;1.81;124.2;0.12;3.16;2.11;1.7
bevic moussiti-oko;FW;Ligue 1;2.56;30.1;0.0;2.31;0.64;3.33
joao moutinho;MF;Premier League;0.77;216.7;0.13;3.23;3.55;0.45
samuel moutoussamy;MF;Ligue 1;1.24;149.7;0.16;1.78;3.8;0.7
nordi mukiele;DF;Ligue 1;0.89;204.9;0.27;1.34;3.48;1.96
thomas muller;FWMF;Bundesliga;2.44;148.3;0.44;5.0;1.11;0.78
marshall munetsi;MF;Ligue 1;2.0;120.6;0.06;2.44;3.19;1.63
iker muniain;MF;La Liga;1.63;231.3;0.16;5.61;1.14;2.76
aihen munoz;DF;La Liga;0.36;231.7;0.0;1.9;2.62;1.67
luis muriel;FW;Serie A;1.72;118.4;0.31;4.53;0.78;4.69
jeison murillo;DF;Serie A;0.13;309.7;0.0;0.66;2.76;0.39
vedat muriqi;FW;La Liga;2.34;40.5;0.05;1.63;0.65;0.98
jacob murphy;FW;Premier League;1.94;67.7;0.16;2.9;1.77;2.74
yunus musah;MF;La Liga;0.97;114.5;0.13;2.39;2.77;2.39
jamal musiala;MFFW;Bundesliga;2.65;99.0;0.46;4.7;2.32;4.7
vitaliy mykolenko;DFMF;Premier League;0.35;200.6;0.0;1.57;3.03;0.86
joakim mæhle;DFMF;Serie A;1.11;249.6;0.09;3.85;2.48;1.79
obite n'dicka;DF;Bundesliga;0.37;321.5;0.0;0.16;1.96;0.21
stanley n'soki;DF;Bundesliga;0.5;357.9;0.0;1.16;3.31;1.16
nacho;DF;La Liga;0.54;302.1;0.0;1.79;2.14;0.54
matija nastasi?;DF;La Liga;0.32;207.5;0.0;0.48;3.17;0.0
jesus navas;DF;La Liga;0.42;251.7;0.0;3.11;1.43;0.92
wilfred ndidi;MFDF;Premier League;0.5;198.0;0.0;0.7;4.6;0.4
tanguy ndombele;MF;Serie A;2.13;205.2;0.0;2.62;2.13;3.11
alvaro negredo;FW;La Liga;2.1;35.2;0.32;2.26;0.65;1.13
pedro neto;FWMF;Premier League;1.64;108.5;0.0;4.03;1.64;5.82
florian neuhaus;MF;Bundesliga;1.53;150.2;0.0;2.37;1.69;2.03
ruben neves;MF;Premier League;1.9;299.1;0.0;2.14;3.9;0.71
neymar;MFFW;Ligue 1;2.05;317.2;0.6;6.2;1.51;5.6
m'baye niang;FW;Ligue 1;1.91;41.3;0.0;1.13;0.87;2.35
tanguy nianzou;DF;La Liga;0.4;265.1;0.0;0.5;2.08;0.5
rasmus nicolaisen;DF;Ligue 1;0.39;329.0;0.1;0.39;3.3;0.44
florian niederlechner;FWMF;Bundesliga;2.94;39.68;0.09;1.52;1.07;1.7
saul niguez;MFDF;La Liga;1.67;117.2;0.17;1.67;5.67;1.67
dimitris nikolaou;DF;Serie A;0.32;314.8;0.0;0.8;2.29;0.32
rasmus nissen;DF;Premier League;0.56;262.0;0.08;1.59;4.76;0.71
eddie nketiah;FW;Premier League;3.45;30.9;0.0;2.3;1.26;3.22
christopher nkunku;FWMF;Bundesliga;2.89;98.0;0.0;4.23;0.63;2.96
lukas nmecha;FW;Bundesliga;2.26;31.5;0.0;2.8;0.86;2.69
arnaud nordin;FWMF;Ligue 1;1.69;69.0;0.08;1.53;1.45;2.5
riad nouri;MF;Ligue 1;0.96;133.4;0.07;2.89;2.22;1.85
matheus nunes;MF;Premier League;1.41;101.9;0.06;2.37;2.88;2.56
darwin nunez;FW;Premier League;5.55;36.5;0.18;3.18;0.73;1.45
unai nunez;DF;La Liga;0.42;350.4;0.0;0.58;3.37;0.21
bram nuytinck;DF;Serie A;0.31;227.52;0.0;0.31;4.13;0.21
gerzino nyamsi;DF;Ligue 1;0.46;284.7;0.0;0.83;2.04;0.37
m'bala nzola;FW;Serie A;2.26;30.7;0.06;1.75;0.62;1.92
christian nørgaard;MF;Premier League;0.93;173.8;0.19;1.96;4.39;1.03
lewis o'brien;MF;Premier League;1.08;100.0;0.0;3.23;3.23;2.62
pedro obiang;MF;Serie A;0.81;203.9;0.16;1.29;4.52;0.48
brian ocampo;MFFW;La Liga;1.1;85.8;0.08;3.31;1.61;3.31
wilson odobert;MFFW;Ligue 1;1.53;68.6;0.2;3.37;2.04;4.9
florent ogier;DF;Ligue 1;0.19;385.2;0.1;0.95;2.48;0.38
david okereke;FWMF;Serie A;2.25;59.1;0.0;3.25;0.69;2.63
caleb okoli;DF;Serie A;0.53;220.0;0.0;0.11;5.0;0.11
lucas olaza;DF;La Liga;0.31;255.6;0.0;2.16;2.99;0.82
michael olise;MFFW;Premier League;1.5;166.1;0.26;4.25;2.68;4.44
brian olivan;DF;La Liga;0.55;232.6;0.27;2.02;2.79;0.55
lucas oliveira rosa;DF;La Liga;0.47;140.8;0.0;1.25;6.41;1.88
mathias olivera;DF;Serie A;0.34;309.2;0.0;2.71;3.73;1.53
dani olmo;MFFW;Bundesliga;3.13;138.3;0.48;4.7;1.93;4.1
ado onaiwu;FW;Ligue 1;1.32;35.1;0.15;1.76;0.74;0.59
amadou onana;MF;Premier League;1.21;115.9;0.06;1.33;4.18;2.3
karim onisiwo;FWMF;Bundesliga;2.59;39.4;0.05;3.32;0.67;3.73
lois openda;FW;Ligue 1;3.44;32.6;0.07;2.12;0.33;1.79
willi orban;DF;Bundesliga;0.89;485.5;0.0;0.79;3.37;0.42
ivan ordets;DF;Bundesliga;0.32;182.5;0.0;0.26;3.29;0.0
divock origi;FW;Serie A;2.7;35.2;0.16;2.7;0.63;3.17
aimar oroz;MFFW;La Liga;1.11;84.6;0.09;3.43;2.31;1.94
riccardo orsolini;FW;Serie A;3.59;119.1;0.23;3.75;1.8;2.97
jordi osei-tutu;FWDF;Bundesliga;1.72;99.3;0.0;1.72;3.97;2.93
victor osimhen;FW;Serie A;4.42;18.5;0.19;2.37;0.32;2.37
paulo otavio;DF;Bundesliga;0.89;274.4;0.32;1.65;4.62;1.96
dango ouattara;MF;Premier League;3.08;76.94;0.35;3.58;3.39;4.43
azzedine ounahi;MF;Ligue 1;1.93;218.08;0.0;3.56;2.64;5.89
adam ounas;FW;Serie A;2.46;200.22;0.11;5.38;2.35;7.74
thomas ouwejan;DF;Bundesliga;0.6;334.8;0.12;3.45;3.57;0.36
salih ozcan;MF;Bundesliga;0.15;224.8;0.08;1.45;3.28;0.76
cenk ozkacar;DF;La Liga;1.05;373.3;0.0;1.4;2.28;0.35
jon pacheco;DF;La Liga;0.13;345.3;0.0;0.27;2.0;0.27
exequiel palacios;MF;Bundesliga;0.86;254.4;0.11;3.33;5.48;0.43
helibelton palacios;DF;La Liga;0.23;215.9;0.0;1.01;2.48;1.09
isaac palazon camacho;FWMF;La Liga;2.57;123.2;0.24;3.41;1.98;2.81
joao palhinha;MF;Premier League;1.29;121.8;0.0;0.88;5.9;0.92
nicolas pallois;DF;Ligue 1;0.26;299.7;0.0;0.13;4.47;0.26
erik palmer-brown;DF;Ligue 1;0.24;280.8;0.0;0.72;2.15;0.43
emerson palmieri;DFMF;Premier League;1.15;162.1;0.0;2.62;2.46;1.8
lucas paqueta;MF;Premier League;2.61;192.98;0.15;3.33;3.11;1.74
leandro paredes;MF;Serie A;1.41;430.73;0.15;3.27;3.91;0.63
daniel parejo;MF;La Liga;0.72;356.3;0.15;2.87;2.46;0.82
fabiano parisi;DF;Serie A;0.74;298.8;0.0;1.97;3.24;3.24
thomas partey;MF;Premier League;1.29;331.8;0.0;3.04;3.63;1.4
mario paali?;MFFW;Serie A;1.14;116.7;0.18;2.72;2.63;0.88
patric;DF;Serie A;0.11;344.5;0.0;0.34;1.8;0.22
nathan patterson;DFMF;Premier League;0.73;191.4;0.0;1.55;4.55;1.82
gabriel paulista;DF;La Liga;1.34;414.5;0.0;0.61;2.44;0.0
benjamin pavard;DF;Bundesliga;1.05;492.2;0.07;2.22;4.58;0.26
dimitri payet;MFFW;Ligue 1;2.69;217.9;0.38;5.64;0.51;2.69
mads pedersen;DFMF;Bundesliga;0.17;131.7;0.0;1.39;3.57;1.3
alfonso pedraza;DF;La Liga;1.61;129.4;0.11;2.15;2.37;3.01
pedri;MFFW;La Liga;0.94;219.6;0.0;3.92;2.57;2.57
pedro;FW;Serie A;1.85;104.0;0.16;2.5;1.45;2.74
jordan pefok;FW;Bundesliga;2.11;33.7;0.37;1.74;1.65;0.73
lorenzo pellegrini;MF;Serie A;2.01;160.1;0.28;4.41;2.63;2.74
luca pellegrini;DF;Bundesliga;2.26;328.2;0.0;2.26;3.23;4.19
ruben pena;DFMF;La Liga;1.51;209.5;0.14;1.64;3.29;1.78
nicolas pepe;FWMF;Ligue 1;2.87;92.1;0.0;3.01;1.25;4.63
pepin;MF;Serie A;0.63;199.8;0.16;2.22;3.17;1.59
andreas pereira;MF;Premier League;1.42;150.0;0.28;4.06;0.71;1.65
danilo pereira;DFMF;Ligue 1;0.98;394.9;0.0;1.21;2.88;0.23
mathias pereira lage;MFFW;Ligue 1;1.5;91.4;0.08;1.83;2.58;1.58
roberto pereyra;DFMF;Serie A;1.45;184.1;0.29;3.72;1.98;3.08
carles perez;MFFW;La Liga;2.21;54.9;0.32;2.74;1.58;2.53
kike perez;MF;La Liga;1.68;184.2;0.07;2.62;3.02;2.42
lucas perez;FW;La Liga;2.43;92.3;0.0;2.14;0.57;1.29
luis perez;DF;La Liga;0.15;159.1;0.15;1.76;4.56;1.76
nehuen perez;DF;Serie A;0.69;377.9;0.0;1.2;3.2;0.29
ivan perii?;DFMF;Premier League;0.95;160.8;0.32;2.97;2.78;1.65
romain perraud;DF;Premier League;1.76;160.0;0.15;2.44;3.44;2.06
gaetan perrin;MFFW;Ligue 1;1.63;86.5;0.12;1.74;1.63;4.77
lucas perrin;DF;Ligue 1;0.1;297.3;0.0;0.79;4.26;0.2
matteo pessina;MF;Serie A;0.94;236.0;0.12;2.41;2.41;1.71
andrea petagna;FW;Serie A;1.77;41.8;0.31;2.29;0.73;2.08
german pezzella;DF;La Liga;0.44;309.6;0.0;0.5;3.65;0.06
giuseppe pezzella;DF;Serie A;0.28;261.0;0.14;1.53;3.19;1.81
luca pfeiffer;FW;Bundesliga;1.67;64.0;0.0;2.78;0.28;0.69
krzysztof pi?tek;FW;Serie A;2.42;32.7;0.16;1.8;0.63;0.7
charles pickel;MF;Serie A;1.1;134.4;0.0;1.87;3.1;0.39
amos pieper;DF;Bundesliga;0.55;307.2;0.06;0.74;3.5;0.12
ronael pierre-gabriel;DF;La Liga;0.51;237.67;0.13;2.05;5.38;2.18
andrea pinamonti;FW;Serie A;2.69;23.9;0.0;2.48;0.55;1.38
ethan pinnock;DF;Premier League;0.5;169.9;0.0;0.64;2.0;0.14
yeremi pino;MFFW;La Liga;1.69;62.7;0.08;2.02;3.06;2.58
lorenzo pirola;DF;Serie A;0.3;178.6;0.0;0.45;4.24;0.3
oscar plano;FWMF;La Liga;1.27;84.4;0.07;2.39;3.24;1.27
gonzalo plata;FWMF;La Liga;1.76;56.2;0.2;3.43;3.24;6.67
marvin plattenhardt;DF;Bundesliga;0.29;303.8;0.15;2.79;2.57;0.96
alassane plea;FW;Bundesliga;1.38;174.9;0.6;4.05;1.72;1.55
tommaso pobega;MF;Serie A;1.56;108.6;0.0;2.81;3.28;0.63
daniel podence;FWMF;Premier League;2.26;114.0;0.0;3.7;1.78;2.81
matteo politano;FW;Serie A;2.17;182.1;0.33;5.98;2.28;4.35
ezequiel ponce;FW;La Liga;2.11;31.6;0.0;1.71;0.92;1.45
julien ponceau;MF;Ligue 1;0.56;162.1;0.32;3.02;2.3;1.9
marin pongra?i?;DF;Serie A;0.11;263.0;0.0;0.68;3.64;0.23
jackson porozo;DF;Ligue 1;1.24;169.9;0.0;0.58;3.21;0.58
portu;DFMF;La Liga;1.15;153.6;0.26;3.08;2.05;2.44
stefan posch;DF;Serie A;0.87;340.78;0.07;1.73;4.64;0.8
alejandro pozo pozo;DF;La Liga;0.35;297.3;0.09;1.84;3.25;0.61
sanjin prci?;MF;Ligue 1;1.51;268.0;0.07;1.71;2.76;0.92
grischa promel;MF;Bundesliga;1.85;80.8;0.08;1.51;2.35;0.59
javi puado;FWMF;La Liga;2.19;37.3;0.08;2.03;1.02;1.8
christian pulisic;FWDF;Premier League;2.21;60.6;0.15;2.94;1.91;5.0
adrien rabiot;MF;Serie A;1.42;141.7;0.13;3.1;3.23;1.87
nemanja radonji?;MFFW;Serie A;3.43;72.7;0.1;2.84;0.29;6.67
ivan radovanovi?;MFDF;Serie A;0.93;213.6;0.0;0.27;2.53;0.13
antonio raillo;DF;La Liga;0.3;233.3;0.0;0.35;2.15;0.1
ivan rakiti?;MF;La Liga;1.62;245.0;0.19;3.14;3.52;0.67
largie ramazani;FWMF;La Liga;2.52;58.1;0.0;2.35;1.39;4.26
adil rami;DF;Ligue 1;0.67;321.3;0.0;0.83;3.0;0.17
sergio ramos;DF;Ligue 1;0.59;488.2;0.06;0.82;2.59;0.71
aaron ramsey;MF;Ligue 1;1.5;194.5;0.09;3.19;4.25;1.77
jacob ramsey;MF;Premier League;0.88;104.8;0.15;2.77;3.94;1.46
raphinha;FW;La Liga;3.64;182.5;0.37;5.33;1.96;3.93
elba rashani;MFDF;Ligue 1;1.4;69.4;0.07;1.33;2.38;2.24
marcus rashford;FW;Premier League;3.02;66.2;0.15;2.66;1.06;3.77
giacomo raspadori;FWMF;Serie A;3.62;84.91;0.0;3.33;1.45;1.88
rafael ratao;FW;Ligue 1;1.34;106.5;0.16;2.83;3.86;4.49
david raum;DFFW;Bundesliga;0.69;218.1;0.08;2.67;3.44;1.91
rayan raveloson;MFDF;Ligue 1;1.25;195.3;0.0;1.61;3.39;1.25
tim ream;DF;Premier League;0.13;375.2;0.0;0.83;2.52;0.43
ante rebi?;FW;Serie A;3.16;79.3;0.35;3.68;1.05;2.28
arkadiusz reca;DF;Serie A;0.74;222.6;0.07;2.01;2.95;1.54
harrison reed;MF;Premier League;0.79;116.9;0.05;2.08;1.88;0.84
bobby reid;FWDF;Premier League;1.24;127.8;0.05;2.03;2.23;1.68
karim rekik;DF;La Liga;0.68;349.9;0.14;0.95;1.08;0.41
marco reus;MF;Bundesliga;2.07;75.5;0.23;2.53;2.18;1.26
elvis rexhbecaj;MF;Bundesliga;0.51;134.9;0.0;1.46;2.47;0.67
gio reyna;FWMF;Bundesliga;2.68;116.6;0.0;2.86;2.32;3.04
samuele ricci;MF;Serie A;0.83;189.7;0.08;1.88;1.88;1.13
declan rice;MF;Premier League;1.14;263.8;0.05;3.0;3.91;1.27
richarlison;MFFW;Premier League;2.5;89.5;0.36;3.39;2.32;2.86
marco richter;MFFW;Bundesliga;2.92;100.8;0.21;2.71;3.02;4.58
diego rico;DF;La Liga;0.34;317.6;0.0;1.9;3.36;1.72
tomas rincon;MF;Serie A;0.61;168.8;0.14;1.7;3.67;1.29
renaud ripart;FWMF;Ligue 1;2.77;70.9;0.09;3.04;3.3;3.04
rodrigo riquelme;MFFW;La Liga;2.41;85.7;0.07;2.48;1.06;4.89
sergi roberto;DF;La Liga;1.0;224.2;0.0;1.5;2.67;0.83
lucas robertone;MF;La Liga;1.39;201.0;0.18;3.7;3.09;2.12
andrew robertson;DF;Premier League;0.61;316.5;0.34;3.95;1.84;1.5
antonee robinson;DF;Premier League;0.05;273.1;0.0;1.92;3.01;2.12
marc roca;MF;Premier League;0.93;267.9;0.06;1.54;3.7;0.99
enzo roco;DF;La Liga;0.47;275.4;0.0;0.7;2.11;0.31
sebastian rode;MF;Bundesliga;0.5;231.1;0.13;2.13;3.13;0.63
joe rodon;DF;Ligue 1;0.54;335.2;0.0;0.23;1.38;0.0
rodri;MF;Premier League;1.61;400.9;0.21;3.42;3.42;0.73
rodrigo;FWMF;Premier League;3.61;50.8;0.07;2.08;0.9;1.11
rodrigo;FWMF;La Liga;0.8;145.0;0.1;2.8;1.4;2.6
oscar rodriguez arnaiz;MF;La Liga;2.26;204.7;0.0;3.38;2.78;1.2
dani rodriguez;MF;La Liga;0.85;95.9;0.15;2.38;2.92;2.15
guido rodriguez;MF;La Liga;0.55;230.4;0.0;1.1;4.21;1.04
ricardo rodriguez;DF;Serie A;0.39;305.5;0.0;1.96;3.53;0.46
rodrygo;FW;La Liga;3.79;73.0;0.38;5.15;1.21;5.0
mads roerslev;DF;Premier League;0.29;92.2;0.0;1.15;2.21;0.48
agustin rogel;DF;Bundesliga;0.33;261.3;0.0;0.22;2.0;0.0
rogerio;DF;Serie A;0.33;345.1;0.11;1.75;2.19;0.71
alessio romagnoli;DF;Serie A;0.36;315.4;0.0;0.41;2.59;0.05
cristian romero;DF;Premier League;0.45;331.4;0.0;0.6;3.98;0.83
oriol romeu;MF;Premier League;0.9;198.29;0.0;1.52;3.54;0.51
cristiano ronaldo;FW;Premier League;4.31;44.5;0.0;1.72;0.52;1.55
valentin rongier;MF;Ligue 1;0.61;264.3;0.0;2.18;4.01;1.37
marten de roon;MF;Serie A;0.45;241.2;0.06;1.45;3.07;0.17
pablo rosario;MFDF;Ligue 1;0.46;246.2;0.0;1.83;3.21;0.92
anthony rouault;DF;Ligue 1;0.55;344.7;0.05;0.23;3.29;0.23
nicolo rovella;MF;Serie A;1.09;314.53;0.0;3.07;4.15;0.69
amir rrahmani;DF;Serie A;0.9;490.5;0.0;0.9;2.24;0.15
ruan;DF;Serie A;0.36;181.8;0.0;0.54;3.93;0.18
antonio rudiger;DF;La Liga;1.03;325.8;0.0;0.81;1.18;0.0
mario rui;DF;Serie A;0.53;445.6;0.4;4.77;2.65;0.6
aitor ruibal;DFFW;La Liga;0.98;210.4;0.0;2.5;4.67;3.7
fabian ruiz pena;MF;Ligue 1;1.24;276.1;0.1;1.62;3.33;0.95
georginio rutter;FW;Premier League;2.29;38.61;0.17;3.13;1.18;6.35
julian ryerson;DF;Bundesliga;1.35;211.86;0.0;2.13;3.36;3.16
youssouf sabaly;DF;La Liga;0.45;261.4;0.0;1.53;3.15;1.71
abdelhamid sabiri;MFFW;Serie A;2.45;145.4;0.0;3.43;1.86;3.53
marcel sabitzer;MF;Premier League;2.25;231.68;0.12;1.88;4.75;0.38
falaye sacko;DF;Ligue 1;0.21;182.8;0.14;1.21;3.29;1.36
alexis saelemaekers;FWDF;Serie A;1.45;115.1;0.13;2.37;3.55;2.76
wesley said;FWMF;Ligue 1;3.64;78.8;0.0;3.03;0.76;3.33
allan saint-maximin;FW;Premier League;2.39;124.4;0.42;4.37;1.27;7.89
bukayo saka;FW;Premier League;2.45;106.3;0.4;4.8;1.75;4.05
hamza sakhi;MF;Ligue 1;1.61;241.1;0.11;3.62;3.85;1.44
mamadou sakho;DF;Ligue 1;0.53;302.6;0.0;0.53;1.93;0.0
mohamed salah;FW;Premier League;3.15;77.5;0.2;3.76;0.76;3.25
amine salama;FWMF;Ligue 1;1.8;60.2;0.09;2.07;1.44;3.33
william saliba;DF;Premier League;0.24;417.0;0.05;0.48;2.07;0.43
mohammed salisu;DF;Premier League;0.76;339.6;0.05;1.1;3.81;0.43
yoann salmier;DF;Ligue 1;0.53;293.7;0.0;0.58;2.8;0.42
lazar samardzic;MF;Serie A;3.33;227.6;0.11;6.02;2.58;3.44
mama samba balde;FW;Ligue 1;3.14;38.7;0.17;2.34;1.71;3.54
samuel;FWMF;La Liga;2.73;83.1;0.0;3.23;2.22;3.94
fede san emeterio;MF;La Liga;0.28;125.6;0.0;0.46;1.94;0.19
antonio sanabria;FW;Serie A;2.15;35.4;0.08;1.57;0.66;0.99
oihan sancet;MF;La Liga;2.04;106.9;0.0;2.87;1.15;2.42
alexis sanchez;FW;Ligue 1;2.39;98.6;0.06;3.87;0.92;2.21
antonio sanchez;MF;La Liga;1.41;112.5;0.0;1.83;2.39;2.54
davinson sanchez;DF;Premier League;0.63;297.2;0.0;0.63;3.91;0.63
ivan sanchez;MFFW;La Liga;1.52;153.5;0.0;3.42;1.9;4.81
javi sanchez;DF;La Liga;0.5;264.2;0.0;0.44;3.46;0.13
manuel sanchez;DF;La Liga;0.54;167.3;0.11;2.58;3.55;1.08
jadon sancho;FW;Premier League;0.96;90.8;0.12;4.58;1.08;2.89
alex sandro;DF;Serie A;0.24;321.3;0.08;1.57;2.36;1.42
leroy sane;MFFW;Bundesliga;3.68;145.7;0.22;4.34;1.62;5.51
baptiste santamaria;MF;Ligue 1;1.05;324.9;0.0;3.14;3.6;0.81
riccardo saponara;FW;Serie A;2.84;109.5;0.25;4.07;1.11;3.46
pablo sarabia;FW;Premier League;1.74;124.01;0.0;3.98;1.43;1.58
muhammed saracevic cham;MF;Ligue 1;2.13;157.3;0.15;3.09;2.06;2.43
martin satriano;FW;Serie A;2.1;36.4;0.07;1.67;0.87;2.46
teji savanier;MF;Ligue 1;1.79;305.0;0.06;4.22;3.18;3.7
stefan savi?;DF;La Liga;0.0;367.3;0.0;0.55;3.83;0.16
joe scally;DF;Bundesliga;0.3;166.1;0.0;1.37;1.55;1.07
giorgio scalvini;DF;Serie A;0.73;328.4;0.0;1.31;4.38;1.09
gianluca scamacca;FW;Premier League;2.91;36.7;0.0;2.33;1.36;1.36
andras schafer;MF;Bundesliga;0.71;64.5;0.0;1.19;2.86;3.45
fabian schar;DF;Premier League;1.54;328.7;0.0;1.78;3.08;0.48
patrik schick;FW;Bundesliga;2.95;42.7;0.0;2.53;0.11;1.26
kingsley schindler;DFMF;Bundesliga;0.0;203.5;0.0;1.9;3.65;1.11
xaver schlager;MF;Bundesliga;0.29;240.9;0.0;1.57;3.29;1.21
nico schlotterbeck;DF;Bundesliga;0.67;453.7;0.21;1.24;3.52;0.57
jeffrey schlupp;MF;Premier League;0.88;114.1;0.0;1.44;3.43;1.77
romano schmid;MF;Bundesliga;0.86;176.4;0.19;2.86;2.29;2.76
niklas schmidt;MF;Bundesliga;1.61;214.8;0.0;4.46;3.04;3.04
benno schmitz;DF;Bundesliga;0.32;305.4;0.0;2.13;3.23;0.45
jerdy schouten;MF;Serie A;0.31;184.9;0.08;1.78;3.8;1.55
perr schuurs;DF;Serie A;0.53;221.1;0.15;0.6;3.31;0.38
alidu seidu;DF;Ligue 1;0.26;231.3;0.0;0.97;3.74;2.26
nelson semedo;DF;Premier League;0.21;190.9;0.07;1.42;4.18;1.63
marcos senesi;DF;Premier League;0.13;324.7;0.0;0.44;3.52;0.31
stefano sensi;MF;Serie A;1.21;404.2;0.0;3.46;4.67;1.78
suat serdar;MF;Bundesliga;1.29;111.4;0.0;2.07;3.79;3.36
leonardo sernicola;DF;Serie A;1.19;172.1;0.07;2.65;3.58;1.46
ryan sessegnon;DF;Premier League;2.0;119.4;0.0;2.56;2.56;1.11
stephan el shaarawy;DFMF;Serie A;2.15;221.5;0.0;3.67;2.53;4.94
luke shaw;DF;Premier League;0.36;353.4;0.06;2.34;3.11;0.84
kiliann sildillia;DFMF;Bundesliga;0.5;236.8;0.12;1.37;2.61;1.24
andre silva;FW;Bundesliga;2.93;46.9;0.23;3.61;0.6;3.01
bernardo silva;MFFW;Premier League;1.08;150.3;0.32;3.5;2.61;2.99
caio henrique oliveira silva;DF;Ligue 1;0.47;287.9;0.37;3.11;3.11;0.95
david silva;MF;La Liga;1.21;144.5;0.16;3.06;1.94;1.94
thiago silva;DF;Premier League;0.5;554.1;0.1;0.6;3.02;0.15
abdallah sima;FW;Ligue 1;2.33;37.1;0.0;2.04;1.26;1.65
mohamed simakan;DF;Bundesliga;0.76;368.8;0.11;0.98;2.17;1.74
moses simon;FWMF;Ligue 1;1.32;72.4;0.11;3.22;1.15;3.56
lassine sinayoko;MFFW;Ligue 1;2.05;100.2;0.15;3.03;3.11;3.64
wilfried singo;DF;Serie A;1.18;207.6;0.08;1.6;1.76;1.85
luis sinisterra;FW;Premier League;2.17;102.2;0.0;3.67;3.33;4.67
moussa sissoko;MF;Ligue 1;0.79;129.9;0.0;1.81;2.2;1.1
ellyes skhiri;MF;Bundesliga;1.07;243.7;0.06;1.92;4.75;1.07
robert skov;DF;Bundesliga;2.91;210.8;0.17;3.16;1.88;1.79
milan kriniar;DF;Serie A;0.43;376.8;0.0;0.48;2.14;0.16
islam slimani;FW;Ligue 1;1.27;60.3;0.09;2.09;0.55;1.09
chris smalling;DF;Serie A;0.55;220.5;0.0;0.28;2.4;0.09
adam smith;DF;Premier League;0.15;233.7;0.05;0.7;2.49;0.95
danilo soares;DF;Bundesliga;0.08;225.4;0.0;1.51;4.92;0.87
ruben sobrino;FWMF;La Liga;1.3;47.3;0.08;1.6;1.91;1.76
dominic solanke;FWMF;Premier League;2.26;32.2;0.19;1.57;0.57;2.96
nikola soldo;DF;Bundesliga;1.07;210.7;0.0;0.71;2.86;0.18
carlos soler;MF;La Liga;1.01;155.08;0.19;2.69;1.21;0.83
brandon soppy;DF;Serie A;1.03;198.53;0.44;3.09;1.47;3.68
roberto soriano;FWMF;Serie A;0.79;142.0;0.26;3.33;2.72;0.96
borna sosa;DFMF;Bundesliga;0.82;351.4;0.55;4.64;2.09;1.64
florian sotoca;MFFW;Ligue 1;2.76;171.7;0.3;4.37;2.41;1.21
toma sou?ek;MF;Premier League;1.03;128.3;0.05;1.96;4.51;0.43
adama soumaoro;DF;Serie A;0.15;274.7;0.0;0.44;2.12;0.15
boubakary soumare;MF;Premier League;0.11;182.4;0.0;0.54;5.38;0.65
vinicius souza;MF;La Liga;0.24;113.4;0.0;1.12;6.12;0.76
djibril sow;MF;Bundesliga;0.76;242.6;0.0;1.76;2.94;0.59
stijn spierings;MF;Ligue 1;0.82;288.8;0.0;1.45;4.32;1.32
leonardo spinazzola;DF;Serie A;0.44;226.1;0.11;2.56;1.0;3.22
anton stach;MF;Bundesliga;1.57;149.9;0.22;2.54;2.99;2.24
kostas stafylidis;MFDF;Bundesliga;1.43;196.1;0.36;1.96;4.82;0.71
jens stage;MF;Bundesliga;0.64;96.9;0.11;1.6;3.51;0.74
niklas stark;DF;Bundesliga;0.17;376.0;0.0;0.68;4.49;0.08
raheem sterling;FWMF;Premier League;1.65;69.8;0.16;3.15;0.87;3.86
lars stindl;FWMF;Bundesliga;2.32;133.2;0.61;4.04;1.62;0.81
kevin stoger;MF;Bundesliga;1.69;267.4;0.06;4.83;3.43;1.98
petar stojanovi?;DF;Serie A;0.38;295.1;0.08;2.52;3.36;1.83
john stones;DF;Premier League;0.53;379.2;0.15;0.84;1.3;0.53
jørgen strand larsen;FW;La Liga;2.25;19.2;0.27;1.53;0.9;1.44
gabriel strefezza;FWMF;Serie A;2.2;117.5;0.0;3.14;2.77;3.77
pascal struijk;DF;Premier League;0.7;293.4;0.05;1.51;4.78;0.97
cristhian stuani;FW;La Liga;2.64;11.7;0.0;2.08;0.83;0.28
damian suarez;DF;La Liga;0.2;283.5;0.0;2.5;3.5;1.4
isaac success;FW;Serie A;1.62;54.4;0.28;3.66;0.7;2.46
niklas sule;DF;Bundesliga;1.09;417.3;0.16;1.8;1.48;0.47
crysencio summerville;FW;Premier League;1.73;73.9;0.13;3.07;2.67;2.93
ivan unji?;MF;Bundesliga;0.57;131.4;0.0;1.6;4.72;0.47
mattias svanberg;MF;Bundesliga;1.43;91.3;0.36;2.59;2.23;1.7
issiaga sylla;DF;Ligue 1;0.55;254.03;0.0;2.16;4.26;2.23
dominik szoboszlai;MFFW;Bundesliga;1.67;203.1;0.53;5.47;2.33;3.0
alexander sørloth;FW;La Liga;2.38;19.81;0.07;2.5;0.63;2.29
nicolas tagliafico;DF;Ligue 1;0.71;263.6;0.15;2.34;5.23;1.27
jonathan tah;DF;Bundesliga;0.42;336.7;0.0;0.66;2.41;0.12
flavien tait;MF;Ligue 1;1.26;245.2;0.13;3.18;2.98;2.65
montassar talbi;DF;Ligue 1;0.18;248.4;0.05;0.27;2.23;0.27
adrien tameze;MF;Serie A;0.4;122.9;0.0;1.44;2.64;1.15
renato tapia;MF;La Liga;0.52;201.8;0.0;1.82;3.9;1.3
edmond tapsoba;DF;Bundesliga;0.41;447.8;0.0;1.02;2.86;0.51
florian tardieu;MF;Ligue 1;0.89;374.5;0.0;4.02;4.82;1.07
james tarkowski;DF;Premier League;0.71;325.8;0.0;0.52;2.52;0.29
nuno tavares;DFMF;Ligue 1;2.48;211.7;0.0;2.61;2.67;5.27
marcus tavernier;MFFW;Premier League;1.78;100.3;0.27;2.33;1.99;4.73
enzo tchato;DF;Ligue 1;0.29;160.3;0.1;1.92;2.6;1.25
aurelien tchouameni;MF;La Liga;1.44;321.5;0.17;2.54;4.66;1.36
alex telles;DF;La Liga;0.48;216.3;0.24;2.74;1.9;1.67
simon terodde;FW;Bundesliga;2.25;23.1;0.0;2.61;1.34;0.7
filippo terracciano;DFMF;Serie A;0.52;159.0;0.0;1.38;2.76;0.86
martin terrier;FWMF;Ligue 1;3.2;106.2;0.27;3.81;2.65;1.77
tete;FW;Premier League;2.48;93.11;0.14;2.41;2.62;4.4
kenny tete;DF;Premier League;0.38;255.3;0.25;1.85;4.71;0.89
arthur theate;DF;Ligue 1;0.55;448.5;0.0;0.78;1.83;0.5
malick thiaw;DF;Serie A;0.54;261.94;0.0;0.35;3.57;0.72
jan thielmann;FW;Bundesliga;1.55;55.5;0.17;1.72;1.9;3.97
sada thioub;FWMF;Ligue 1;1.15;194.8;0.16;3.28;2.46;3.44
luke thomas;DF;Premier League;0.26;311.0;0.0;1.69;4.29;1.04
adrien thomasson;MF;Ligue 1;1.86;153.32;0.17;3.55;2.03;1.53
kristian thorstvedt;MF;Serie A;1.43;124.5;0.1;1.94;2.24;0.51
marcus thuram;FW;Bundesliga;3.41;31.1;0.17;2.46;0.95;3.07
khephren thuram-ulie;MF;Ligue 1;1.08;161.0;0.17;2.22;3.12;1.93
youri tielemans;MF;Premier League;1.2;302.0;0.05;3.28;3.55;1.04
steffen tigges;FW;Bundesliga;1.7;42.4;0.09;2.17;1.04;0.94
jean-clair todibo;DF;Ligue 1;0.21;433.5;0.0;0.72;3.13;0.87
harry toffolo;DF;Premier League;0.44;189.9;0.0;2.5;2.35;1.18
karl toko ekambi;FWMF;Ligue 1;2.59;85.6;0.12;2.95;1.26;3.43
corentin tolisso;MF;Ligue 1;0.97;414.9;0.0;3.88;2.82;1.26
jeremy toljan;DF;Serie A;0.21;272.0;0.05;1.82;1.98;0.53
rafael toloi;DF;Serie A;0.81;274.2;0.06;1.68;4.29;0.37
tiago tomas;FWMF;Bundesliga;2.07;54.6;0.22;2.17;0.76;3.26
takehiro tomiyasu;DF;Premier League;0.18;293.0;0.18;1.58;5.79;0.53
fikayo tomori;DF;Serie A;0.34;333.4;0.0;0.8;3.54;0.23
sandro tonali;MF;Serie A;1.26;189.1;0.23;3.33;2.99;0.63
ivan toney;FW;Premier League;2.76;61.6;0.15;2.11;1.26;1.51
ferran torres;FW;La Liga;3.75;74.4;0.0;2.5;0.83;5.14
oliver torres;MFFW;La Liga;1.03;166.3;0.06;2.88;2.05;1.92
pau torres;DF;La Liga;0.29;380.8;0.0;1.71;1.41;0.88
lucas torro;MF;La Liga;1.08;147.2;0.0;0.96;3.05;0.66
birama toure;MF;Ligue 1;0.69;207.5;0.0;0.96;4.04;0.6
lucas tousart;MF;Bundesliga;1.19;116.7;0.0;1.3;3.79;1.02
adama traore;FWMF;Premier League;1.3;70.1;0.1;2.7;1.1;5.7
hamari traore;DF;Ligue 1;0.99;320.7;0.11;2.21;2.98;0.55
oscar trejo;MFFW;La Liga;0.67;126.3;0.22;3.81;2.31;3.88
christopher trimmel;DF;Bundesliga;0.68;216.2;0.38;2.78;3.23;0.6
kieran trippier;DF;Premier League;0.37;437.2;0.18;4.93;3.36;0.97
leandro trossard;FW;Premier League;2.72;131.74;0.13;3.57;1.29;2.98
adrien truffert;DF;Ligue 1;0.4;231.0;0.34;2.03;3.67;1.86
tuta;DF;Bundesliga;0.34;310.7;0.0;0.56;2.74;0.45
iyenoma udogie;DF;Serie A;1.04;164.3;0.12;3.37;3.93;3.68
chimuanya ugochukwu;MF;Ligue 1;0.33;167.7;0.0;0.55;4.29;1.1
samuel umtiti;DF;Serie A;0.29;212.4;0.0;0.38;4.0;0.57
enes unal;FW;La Liga;2.34;35.8;0.16;2.03;0.78;1.15
cengiz under;MFDF;Ligue 1;2.75;158.0;0.22;3.7;2.46;2.9
dayot upamecano;DF;Bundesliga;0.26;595.8;0.05;1.01;3.81;0.58
filip uremovi?;DF;Bundesliga;0.46;160.5;0.0;0.57;3.56;0.11
jere uronen;DF;Ligue 1;0.53;272.88;0.13;1.71;3.03;1.06
josha vagnoman;DFMF;Bundesliga;1.03;105.1;0.0;1.18;2.06;1.32
oscar valentin;MF;La Liga;0.66;217.3;0.0;1.99;5.66;0.44
emanuele valeri;DFFW;Serie A;1.39;189.0;0.06;2.71;2.47;1.99
valery;MFDF;La Liga;0.63;91.3;0.31;3.44;2.19;2.03
yan valery;DF;Premier League;0.48;214.67;0.0;1.03;3.02;2.38
martin valjent;DF;La Liga;0.06;259.5;0.0;0.17;1.91;0.06
federico valverde;FWMF;La Liga;2.41;144.3;0.12;3.24;1.41;1.47
virgil van dijk;DF;Premier League;1.09;504.7;0.0;0.61;1.76;0.06
vanderson;DF;Ligue 1;0.9;301.3;0.21;2.22;5.76;2.92
raphael varane;DF;Premier League;0.35;288.7;0.0;0.69;1.94;0.28
jamie vardy;FW;Premier League;1.22;20.5;0.31;1.45;0.69;0.99
ruben vargas;MFFW;Bundesliga;1.07;80.5;0.18;1.79;2.14;2.68
johan vasquez;DF;Serie A;0.71;173.3;0.0;0.86;4.0;0.71
matias vecino;MF;Serie A;1.48;174.4;0.0;1.67;3.15;0.37
gabriel veiga;MF;La Liga;2.7;124.1;0.17;3.13;2.26;2.87
milo veljkovi?;DF;Bundesliga;0.14;397.8;0.0;0.58;3.02;0.14
miguel veloso;MF;Serie A;1.38;261.1;0.0;2.77;2.55;0.74
joel veltman;DF;Premier League;0.33;321.2;0.07;1.37;3.59;0.78
mickey van de ven;DF;Bundesliga;0.45;317.1;0.05;0.65;2.3;0.5
lorenzo venuti;DF;Serie A;0.65;307.1;0.16;2.42;2.74;0.32
jordan veretout;MF;Ligue 1;0.95;308.5;0.12;2.86;3.15;0.48
marco verratti;MF;Ligue 1;0.22;521.1;0.0;2.39;5.07;2.39
valerio verre;MF;Serie A;1.87;224.3;0.0;4.0;3.07;2.53
mikel vesga;MF;La Liga;0.73;253.3;0.12;2.12;3.09;0.36
aleix vidal;MFFW;La Liga;0.37;89.6;0.0;1.48;1.98;1.23
clement vidal;DFMF;Ligue 1;1.06;310.2;0.0;0.59;2.94;0.0
nacho vidal;DF;La Liga;0.81;244.0;0.0;1.82;3.94;1.72
tonny vilhena;MF;Serie A;1.59;124.8;0.06;2.17;2.48;1.59
toni villa;MF;La Liga;1.87;120.98;0.12;4.5;4.37;7.37
gonzalo villar;MF;Serie A;0.11;184.4;0.0;1.14;2.28;0.68
mattia viti;DF;Ligue 1;0.29;223.7;0.0;0.29;1.71;1.71
vitinha;MF;Ligue 1;1.18;245.5;0.0;1.96;2.81;2.03
daniel vivian;DF;La Liga;0.5;324.4;0.0;0.43;3.48;0.5
duan vlahovi?;FW;Serie A;3.3;41.2;0.19;2.64;0.75;1.7
nikola vlai?;MFFW;Serie A;2.05;74.5;0.1;3.8;1.17;1.76
kevin vogt;DF;Bundesliga;0.0;559.7;0.0;0.73;2.34;0.07
mergim vojvoda;DF;Serie A;0.91;331.5;0.36;3.18;2.09;1.55
stefan de vrij;DF;Serie A;0.74;239.8;0.0;0.33;3.39;0.08
walace;MF;Serie A;1.09;247.4;0.0;1.49;3.93;0.8
kyle walker;DF;Premier League;0.34;409.0;0.0;1.48;0.91;0.57
kyle walker-peters;DF;Premier League;0.38;184.8;0.0;1.86;2.69;3.08
aaron wan-bissaka;DF;Premier League;0.15;193.2;0.0;1.76;4.56;1.62
joel ward;DF;Premier League;0.07;257.5;0.0;0.49;2.85;0.42
james ward-prowse;MF;Premier League;1.09;230.3;0.09;3.5;2.82;0.45
ollie watkins;FW;Premier League;2.38;29.8;0.22;2.49;0.88;1.77
timothy weah;DFFW;Ligue 1;2.08;177.2;0.28;2.92;2.5;1.94
adam webster;DF;Premier League;1.01;436.7;0.0;0.72;1.94;0.43
julian weigl;MF;Bundesliga;0.44;212.6;0.0;0.73;2.92;0.66
mitchell weiser;DFFW;Bundesliga;1.04;250.9;0.38;2.97;4.07;4.12
shon weissman;FW;La Liga;2.17;13.6;0.0;0.48;0.36;0.6
danny welbeck;FW;Premier League;2.52;27.9;0.16;2.36;0.94;1.73
timo werner;FWMF;Bundesliga;2.86;59.1;0.09;1.79;0.63;3.57
ben white;DF;Premier League;0.27;319.0;0.11;2.19;2.83;0.91
silvan widmer;DF;Bundesliga;1.31;222.7;0.0;1.92;3.31;0.62
mateusz wieteska;DF;Ligue 1;0.48;294.8;0.04;0.57;2.78;0.22
inaki williams;FW;La Liga;2.42;41.8;0.12;2.24;0.97;2.3
neco williams;DF;Premier League;1.48;183.7;0.0;2.07;5.7;2.37
nico williams;FWMF;La Liga;2.14;71.8;0.22;3.52;1.26;5.33
willian;FW;Premier League;1.72;104.6;0.15;4.48;1.27;2.61
joe willock;MF;Premier League;1.8;105.6;0.11;2.58;2.7;2.87
callum wilson;FW;Premier League;3.28;17.6;0.24;1.84;0.64;0.8
patrick wimmer;FWMF;Bundesliga;1.35;98.3;0.52;4.17;3.33;2.92
jonas wind;FW;Bundesliga;2.42;62.1;0.0;3.23;0.81;1.29
yoane wissa;FW;Premier League;2.02;38.9;0.19;2.21;1.63;2.5
axel witsel;DFMF;La Liga;0.36;277.6;0.0;0.94;1.8;0.22
marius wolf;DFFW;Bundesliga;1.43;249.1;0.13;2.34;2.47;2.73
jeong woo-yeong;MFFW;Bundesliga;1.56;81.1;0.16;2.66;1.09;2.97
chris wood;FW;Premier League;1.23;25.32;0.0;1.24;0.96;0.41
christopher wooh;DF;Ligue 1;0.66;249.08;0.0;0.53;1.57;0.0
joe worrall;DF;Premier League;0.29;306.1;0.0;0.58;3.38;0.14
xeka;MF;Ligue 1;0.82;231.0;0.0;1.31;2.62;0.98
granit xhaka;MF;Premier League;1.21;181.5;0.25;3.69;1.31;0.61
jawad el yamiq;DF;La Liga;0.75;270.3;0.0;0.3;4.03;0.75
ryan yates;MF;Premier League;1.61;99.2;0.06;1.29;2.19;0.39
maya yoshida;DF;Bundesliga;0.3;294.5;0.0;1.01;3.17;0.3
ashley young;DF;Premier League;0.61;306.1;0.0;2.27;3.86;0.83
mohamed youssouf;DF;Ligue 1;0.11;281.6;0.0;1.49;5.11;1.09
mattia zaccagni;FWMF;Serie A;2.12;75.9;0.22;2.79;2.46;3.41
dan-axel zagadou;DF;Bundesliga;1.19;400.2;0.0;1.36;2.03;0.0
wilfried zaha;FWMF;Premier League;2.11;57.5;0.11;3.41;2.16;4.92
joseba zaldua;DF;La Liga;0.14;159.6;0.14;0.99;3.66;1.41
nicola zalewski;DF;Serie A;0.95;209.3;0.08;2.22;3.1;2.22
andre-frank zambo anguissa;MF;Serie A;1.47;191.6;0.23;2.37;3.16;2.43
luca zanimacchia;MFFW;Serie A;2.29;112.3;0.0;4.1;3.61;1.69
nicolo zaniolo;MFFW;Serie A;2.83;49.3;0.0;2.73;1.01;4.65
duvan zapata;FW;Serie A;2.84;60.4;0.14;2.7;0.14;2.57
akim zedadka;DF;Ligue 1;0.43;225.38;0.0;1.81;2.76;2.02
jordan zemura;DF;Premier League;0.3;206.8;0.07;2.22;3.41;2.22
arber zeneli;FWMF;Ligue 1;2.8;136.6;0.2;4.4;1.1;5.2
edon zhegrova;FWDF;Ligue 1;4.29;154.8;0.32;5.56;2.38;6.98
piotr zieli?ski;MF;Serie A;2.4;191.8;0.41;4.73;1.51;2.47
oleksandr zinchenko;DF;Premier League;1.25;334.1;0.08;2.08;2.67;0.58
hakim ziyech;FWMF;Premier League;1.93;216.7;0.18;3.68;3.86;4.39
simon zoller;FW;Bundesliga;1.93;41.6;0.07;1.11;0.89;0.37
kurt zouma;DF;Premier League;0.77;228.2;0.0;0.28;1.2;0.14
igor zubeldia;DF;La Liga;0.29;311.5;0.07;0.43;2.21;0.07
martin zubimendi;MF;La Liga;0.28;251.1;0.11;1.29;2.92;0.56
martin ødegaard;MF;Premier League;2.73;181.2;0.27;5.08;1.18;2.25
milan ?uri?;FW;Serie A;1.03;54.5;0.0;2.82;0.26;0.51
filip ?uri?i?;MFFW;Serie A;1.16;94.7;0.0;3.47;2.24;3.13
